insert into Instructor values( 1004, "Bruce", "Barnett", 171 );
insert into Instructor values( 1007, "Karen", "Fleming", 250 );
insert into Instructor values( 1013, "Fred", "Torcaso", 550 );
insert into Instructor values( 1019, "Yair", "Amir", 600 );
insert into Instructor values( 1000, "Marc", "Greenberg", 030 );
insert into Instructor values( 1014, "Bruno", "Jedynak", 550 );
insert into Instructor values( 1015, "Tamas", "Budavari", 550 );
insert into Instructor values( 1005, "Petar", "Maksimovic", 171 );
insert into Instructor values( 1017, "Eileen", "Haase", 580 );
insert into Instructor values( 1016, "Natalia", "Trayanova", 580 );
insert into Instructor values( 1018, "Joel", "Bader", 580 );
insert into Instructor values( 1010, "Sanchita", "Balachandran", 389 );
insert into Instructor values( 1003, "Sara", "Berry", 100 );
insert into Instructor values( 1006, "David", "Kaplan", 171 );
insert into Instructor values( 1011, "Mounya", "Elhilali", 520 );
insert into Instructor values( 1012, "John", "Wierman", 550 );
insert into Instructor values( 1009, "Ana", "Damjanovic", 250 );
insert into Instructor values( 1022, "Scott", "Smith", 600 );
insert into Instructor values( 1020, "Peter", "Froehlich", 600 );
insert into Instructor values( 1008, "Carolyn", "Fitch", 250 );
insert into Instructor values( 1001, "Tyrel", "Mcqueen", 030 );
insert into Instructor values( 1002, "Erin", "Cage", 100 );
insert into Instructor values( 1021, "David", "Yarowsky", 600 );
insert into Instructor values( 1023, "ZACHARY", "PALMER", 600 );
insert into CourseInfo values ( "AS.030.212", 2017, "Spring", 1000, 18, 01 );
insert into CourseInfo values ( "AS.030.449", 2011, "Fall", 1001, 21, 01 );
insert into CourseInfo values ( "AS.100.103", 2011, "Fall", 1002, 19, 01 );
insert into CourseInfo values ( "AS.100.122", 2011, "Fall", 1003, 19, 04 );
insert into CourseInfo values ( "AS.171.101", 2011, "Fall", 1004, 23, 01 );
insert into CourseInfo values ( "AS.171.101", 2011, "Fall", 1004, 23, 02 );
insert into CourseInfo values ( "AS.171.101", 2011, "Fall", 1004, 21, 04 );
insert into CourseInfo values ( "AS.171.101", 2011, "Fall", 1004, 24, 08 );
insert into CourseInfo values ( "AS.171.101", 2011, "Fall", 1004, 21, 10 );
insert into CourseInfo values ( "AS.171.102", 2011, "Fall", 1005, 25, 02 );
insert into CourseInfo values ( "AS.171.103", 2011, "Fall", 1006, 22, 02 );
insert into CourseInfo values ( "AS.250.131", 2012, "Fall", 1007, 21, 01 );
insert into CourseInfo values ( "AS.250.205", 2013, "Fall", 1008, 23, 01 );
insert into CourseInfo values ( "AS.250.205", 2014, "Fall", 1008, 30, 01 );
insert into CourseInfo values ( "AS.250.205", 2015, "Fall", 1009, 29, 01 );
insert into CourseInfo values ( "AS.250.205", 2015, "Spring", 1008, 28, 01 );
insert into CourseInfo values ( "AS.250.205", 2014, "Fall", 1009, 31, 02 );
insert into CourseInfo values ( "AS.250.205", 2015, "Fall", 1009, 32, 02 );
insert into CourseInfo values ( "AS.250.205", 2015, "Fall", 1009, 32, 04 );
insert into CourseInfo values ( "AS.389.205", 2013, "Fall", 1010, 12, 01 );
insert into CourseInfo values ( "AS.389.205", 2012, "Spring", 1010, 14, 01 );
insert into CourseInfo values ( "AS.389.205", 2014, "Spring", 1010, 12, 01 );
insert into CourseInfo values ( "AS.389.205", 2016, "Spring", 1010, 11, 01 );
insert into CourseInfo values ( "EN.520.214", 2013, "Spring", 1011, 26, 01 );
insert into CourseInfo values ( "EN.520.214", 2014, "Spring", 1011, 21, 01 );
insert into CourseInfo values ( "EN.520.214", 2014, "Spring", 1011, 25, 02 );
insert into CourseInfo values ( "EN.550.420", 2013, "Fall", 1012, 17, 01 );
insert into CourseInfo values ( "EN.550.420", 2014, "Fall", 1012, 23, 01 );
insert into CourseInfo values ( "EN.550.420", 2016, "Fall", 1012, 25, 01 );
insert into CourseInfo values ( "EN.550.420", 2013, "Fall", 1012, 26, 02 );
insert into CourseInfo values ( "EN.550.420", 2014, "Fall", 1012, 29, 02 );
insert into CourseInfo values ( "EN.550.420", 2015, "Fall", 1013, 23, 02 );
insert into CourseInfo values ( "EN.550.420", 2016, "Fall", 1012, 27, 02 );
insert into CourseInfo values ( "EN.550.420", 2016, "Spring", 1013, 25, 02 );
insert into CourseInfo values ( "EN.550.420", 2017, "Spring", 1013, 24, 02 );
insert into CourseInfo values ( "EN.550.420", 2013, "Fall", 1012, 21, 03 );
insert into CourseInfo values ( "EN.550.420", 2014, "Fall", 1012, 24, 03 );
insert into CourseInfo values ( "EN.550.420", 2015, "Fall", 1013, 24, 03 );
insert into CourseInfo values ( "EN.550.420", 2016, "Fall", 1012, 31, 03 );
insert into CourseInfo values ( "EN.550.420", 2016, "Spring", 1013, 19, 03 );
insert into CourseInfo values ( "EN.550.420", 2013, "Fall", 1012, 22, 04 );
insert into CourseInfo values ( "EN.550.420", 2014, "Fall", 1012, 15, 04 );
insert into CourseInfo values ( "EN.550.420", 2015, "Fall", 1013, 24, 04 );
insert into CourseInfo values ( "EN.550.420", 2016, "Fall", 1012, 31, 04 );
insert into CourseInfo values ( "EN.550.436", 2011, "Fall", 1014, 22, 01 );
insert into CourseInfo values ( "EN.550.436", 2012, "Fall", 1014, 24, 01 );
insert into CourseInfo values ( "EN.550.436", 2013, "Fall", 1014, 23, 01 );
insert into CourseInfo values ( "EN.550.436", 2014, "Fall", 1014, 35, 01 );
insert into CourseInfo values ( "EN.550.436", 2015, "Fall", 1015, 29, 01 );
insert into CourseInfo values ( "EN.550.436", 2016, "Fall", 1015, 22, 01 );
insert into CourseInfo values ( "EN.550.436", 2017, "Spring", 1015, 22, 01 );
insert into CourseInfo values ( "EN.550.436", 2012, "Fall", 1014, 20, 02 );
insert into CourseInfo values ( "EN.550.436", 2013, "Fall", 1014, 17, 02 );
insert into CourseInfo values ( "EN.550.436", 2014, "Fall", 1014, 23, 02 );
insert into CourseInfo values ( "EN.550.436", 2015, "Fall", 1015, 22, 02 );
insert into CourseInfo values ( "EN.550.436", 2016, "Fall", 1015, 25, 02 );
insert into CourseInfo values ( "EN.550.436", 2017, "Spring", 1015, 24, 02 );
insert into CourseInfo values ( "EN.550.436", 2016, "Fall", 1015, 24, 04 );
insert into CourseInfo values ( "EN.580.421", 2011, "Fall", 1016, 33, 03 );
insert into CourseInfo values ( "EN.580.421", 2011, "Fall", 1016, 27, 04 );
insert into CourseInfo values ( "EN.580.423", 2011, "Fall", 1017, 27, 04 );
insert into CourseInfo values ( "EN.580.429", 2011, "Fall", 1018, 36, 02 );
insert into CourseInfo values ( "EN.600.120", 2011, "Fall", 1019, 17, 01 );
insert into CourseInfo values ( "EN.600.120", 2012, "Fall", 1020, 39, 01 );
insert into CourseInfo values ( "EN.600.120", 2013, "Fall", 1019, 27, 01 );
insert into CourseInfo values ( "EN.600.120", 2012, "Spring", 1019, 32, 01 );
insert into CourseInfo values ( "EN.600.120", 2013, "Spring", 1020, 78, 01 );
insert into CourseInfo values ( "EN.600.120", 2014, "Spring", 1019, 27, 01 );
insert into CourseInfo values ( "EN.600.120", 2011, "Fall", 1019, 15, 02 );
insert into CourseInfo values ( "EN.600.120", 2012, "Fall", 1020, 13, 02 );
insert into CourseInfo values ( "EN.600.120", 2013, "Fall", 1019, 31, 02 );
insert into CourseInfo values ( "EN.600.120", 2012, "Spring", 1019, 28, 02 );
insert into CourseInfo values ( "EN.600.120", 2011, "Fall", 1019, 10, 03 );
insert into CourseInfo values ( "EN.600.120", 2011, "Fall", 1019, 11, 04 );
insert into CourseInfo values ( "EN.600.315", 2012, "Fall", 1021, 21, 01 );
insert into CourseInfo values ( "EN.600.315", 2015, "Fall", 1021, 39, 01 );
insert into CourseInfo values ( "EN.600.315", 2016, "Fall", 1021, 27, 01 );
insert into CourseInfo values ( "EN.600.321", 2011, "Fall", 1022, 12, 01 );
insert into CourseInfo values ( "EN.600.321", 2012, "Fall", 1022, 31, 01 );
insert into CourseInfo values ( "EN.600.321", 2013, "Fall", 1022, 21, 01 );
insert into CourseInfo values ( "EN.600.321", 2014, "Fall", 1023, 37, 01 );
insert into CourseInfo values ( "EN.600.415", 2011, "Fall", 1021, 31, 01 );
insert into CourseInfo values ( "EN.600.415", 2013, "Fall", 1021, 38, 01 );
insert into CourseInfo values ( "EN.600.415", 2014, "Fall", 1021, 38, 01 );
insert into CourseInfo values ( "EN.600.415", 2015, "Fall", 1021, 44, 01 );
insert into CourseInfo values ( "EN.600.415", 2016, "Fall", 1021, 36, 01 );
insert into CourseInfo values ( "EN.600.421", 2011, "Fall", 1022, 31, 01 );
insert into CourseInfo values ( "EN.600.421", 2012, "Fall", 1022, 31, 01 );
insert into CourseInfo values ( "EN.600.421", 2013, "Fall", 1022, 42, 01 );
insert into CourseInfo values ( "EN.600.421", 2014, "Fall", 1023, 60, 01 );
insert into CourseDetail values ( "AS.030.212", "Honors Organic Chemistry II with Applications in Biological and Materials Chemistry", "AS", 030, 212 );
insert into CourseDetail values ( "AS.030.449", "Chemistry of  Inorganic Compounds", "AS", 030, 449 );
insert into CourseDetail values ( "AS.100.103", "History of Occidental Civilization", "AS", 100, 103 );
insert into CourseDetail values ( "AS.100.122", "Intro to History of Africa (since 1880)", "AS", 100, 122 );
insert into CourseDetail values ( "AS.171.101", "Gen Physics", "AS", 171, 101 );
insert into CourseDetail values ( "AS.171.102", "General Physics II", "AS", 171, 102 );
insert into CourseDetail values ( "AS.171.103", "General Physics I for Biological Science Majors", "AS", 171, 103 );
insert into CourseDetail values ( "AS.250.131", "Tpcs-Biophysics Research", "AS", 250, 131 );
insert into CourseDetail values ( "AS.250.205", "Introduction to Computing", "AS", 250, 205 );
insert into CourseDetail values ( "AS.389.205", "Examining Archaeological Objects", "AS", 389, 205 );
insert into CourseDetail values ( "EN.520.214", "Signals & Systems I", "EN", 520, 214 );
insert into CourseDetail values ( "EN.550.420", "Introduction to Probability", "EN", 550, 420 );
insert into CourseDetail values ( "EN.550.436", "Data Mining", "EN", 550, 436 );
insert into CourseDetail values ( "EN.580.421", "Systems Bioengineering I", "EN", 580, 421 );
insert into CourseDetail values ( "EN.580.423", "Systems Bioengineering Lab I", "EN", 580, 423 );
insert into CourseDetail values ( "EN.580.429", "Systems Bioengineering III", "EN", 580, 429 );
insert into CourseDetail values ( "EN.600.120", "Intermediate Programming", "EN", 600, 120 );
insert into CourseDetail values ( "EN.600.315", "Databases", "EN", 600, 315 );
insert into CourseDetail values ( "EN.600.321", "Object Oriented Software Engineering", "EN", 600, 321 );
insert into CourseDetail values ( "EN.600.415", "Databases", "EN", 600, 415 );
insert into CourseDetail values ( "EN.600.421", "Object Oriented Software Engineering", "EN", 600, 421 );
insert into Quality values ( "AS.030.212", 2017, "Spring", 01, 0, 0, 0, 4, 14, 0 );
insert into Quality values ( "AS.030.449", 2011, "Fall", 01, 0, 0, 4, 12, 5, 0 );
insert into Quality values ( "AS.100.103", 2011, "Fall", 01, 0, 1, 2, 11, 4, 0 );
insert into Quality values ( "AS.100.122", 2011, "Fall", 04, 1, 1, 1, 12, 3, 0 );
insert into Quality values ( "AS.171.101", 2011, "Fall", 01, 1, 0, 4, 10, 7, 0 );
insert into Quality values ( "AS.171.101", 2011, "Fall", 02, 0, 0, 4, 14, 5, 0 );
insert into Quality values ( "AS.171.101", 2011, "Fall", 04, 1, 4, 0, 11, 4, 0 );
insert into Quality values ( "AS.171.101", 2011, "Fall", 08, 0, 3, 6, 12, 3, 0 );
insert into Quality values ( "AS.171.101", 2011, "Fall", 10, 0, 1, 3, 10, 6, 0 );
insert into Quality values ( "AS.171.102", 2011, "Fall", 02, 0, 2, 7, 12, 4, 0 );
insert into Quality values ( "AS.171.103", 2011, "Fall", 02, 0, 0, 7, 12, 2, 0 );
insert into Quality values ( "AS.250.131", 2012, "Fall", 01, 0, 1, 1, 6, 13, 0 );
insert into Quality values ( "AS.250.205", 2013, "Fall", 01, 0, 1, 4, 11, 6, 0 );
insert into Quality values ( "AS.250.205", 2014, "Fall", 01, 0, 3, 4, 9, 13, 0 );
insert into Quality values ( "AS.250.205", 2015, "Fall", 01, 1, 3, 2, 11, 11, 0 );
insert into Quality values ( "AS.250.205", 2015, "Spring", 01, 0, 0, 5, 12, 10, 0 );
insert into Quality values ( "AS.250.205", 2014, "Fall", 02, 2, 1, 7, 12, 7, 0 );
insert into Quality values ( "AS.250.205", 2015, "Fall", 02, 0, 1, 7, 12, 10, 0 );
insert into Quality values ( "AS.250.205", 2015, "Fall", 04, 1, 1, 7, 9, 13, 0 );
insert into Quality values ( "AS.389.205", 2013, "Fall", 01, 0, 0, 1, 4, 6, 0 );
insert into Quality values ( "AS.389.205", 2012, "Spring", 01, 0, 0, 1, 2, 11, 0 );
insert into Quality values ( "AS.389.205", 2014, "Spring", 01, 0, 0, 0, 5, 6, 0 );
insert into Quality values ( "AS.389.205", 2016, "Spring", 01, 0, 0, 0, 5, 6, 0 );
insert into Quality values ( "EN.520.214", 2013, "Spring", 01, 0, 1, 8, 13, 3, 0 );
insert into Quality values ( "EN.520.214", 2014, "Spring", 01, 1, 2, 3, 11, 4, 0 );
insert into Quality values ( "EN.520.214", 2014, "Spring", 02, 1, 4, 4, 12, 3, 0 );
insert into Quality values ( "EN.550.420", 2013, "Fall", 01, 0, 0, 5, 7, 1, 1 );
insert into Quality values ( "EN.550.420", 2014, "Fall", 01, 2, 1, 6, 9, 3, 0 );
insert into Quality values ( "EN.550.420", 2016, "Fall", 01, 2, 2, 5, 11, 3, 0 );
insert into Quality values ( "EN.550.420", 2013, "Fall", 02, 2, 1, 3, 10, 9, 0 );
insert into Quality values ( "EN.550.420", 2014, "Fall", 02, 0, 2, 10, 10, 6, 0 );
insert into Quality values ( "EN.550.420", 2015, "Fall", 02, 3, 6, 5, 5, 3, 0 );
insert into Quality values ( "EN.550.420", 2016, "Fall", 02, 1, 1, 4, 13, 7, 0 );
insert into Quality values ( "EN.550.420", 2016, "Spring", 02, 0, 0, 1, 13, 9, 0 );
insert into Quality values ( "EN.550.420", 2017, "Spring", 02, 0, 1, 5, 8, 10, 0 );
insert into Quality values ( "EN.550.420", 2013, "Fall", 03, 0, 0, 4, 11, 5, 0 );
insert into Quality values ( "EN.550.420", 2014, "Fall", 03, 2, 1, 5, 10, 5, 0 );
insert into Quality values ( "EN.550.420", 2015, "Fall", 03, 3, 7, 5, 6, 1, 0 );
insert into Quality values ( "EN.550.420", 2016, "Fall", 03, 1, 2, 4, 12, 10, 0 );
insert into Quality values ( "EN.550.420", 2016, "Spring", 03, 0, 1, 4, 9, 4, 0 );
insert into Quality values ( "EN.550.420", 2013, "Fall", 04, 0, 2, 9, 8, 1, 0 );
insert into Quality values ( "EN.550.420", 2014, "Fall", 04, 0, 2, 4, 5, 0, 0 );
insert into Quality values ( "EN.550.420", 2015, "Fall", 04, 4, 4, 2, 9, 3, 1 );
insert into Quality values ( "EN.550.420", 2016, "Fall", 04, 2, 2, 5, 8, 11, 0 );
insert into Quality values ( "EN.550.436", 2011, "Fall", 01, 0, 2, 5, 11, 1, 0 );
insert into Quality values ( "EN.550.436", 2012, "Fall", 01, 2, 0, 2, 13, 6, 0 );
insert into Quality values ( "EN.550.436", 2013, "Fall", 01, 0, 0, 2, 6, 7, 0 );
insert into Quality values ( "EN.550.436", 2014, "Fall", 01, 0, 3, 2, 16, 6, 0 );
insert into Quality values ( "EN.550.436", 2015, "Fall", 01, 0, 0, 7, 12, 4, 0 );
insert into Quality values ( "EN.550.436", 2016, "Fall", 01, 0, 0, 4, 13, 5, 0 );
insert into Quality values ( "EN.550.436", 2017, "Spring", 01, 0, 1, 4, 8, 7, 0 );
insert into Quality values ( "EN.550.436", 2012, "Fall", 02, 2, 1, 2, 9, 2, 0 );
insert into Quality values ( "EN.550.436", 2013, "Fall", 02, 0, 2, 3, 0, 5, 0 );
insert into Quality values ( "EN.550.436", 2014, "Fall", 02, 1, 3, 5, 4, 2, 0 );
insert into Quality values ( "EN.550.436", 2015, "Fall", 02, 0, 1, 0, 7, 4, 0 );
insert into Quality values ( "EN.550.436", 2016, "Fall", 02, 0, 0, 3, 11, 10, 0 );
insert into Quality values ( "EN.550.436", 2017, "Spring", 02, 1, 0, 4, 8, 11, 0 );
insert into Quality values ( "EN.550.436", 2016, "Fall", 04, 0, 0, 4, 6, 13, 0 );
insert into Quality values ( "EN.580.421", 2011, "Fall", 03, 0, 3, 5, 12, 11, 0 );
insert into Quality values ( "EN.580.421", 2011, "Fall", 04, 0, 1, 5, 14, 6, 0 );
insert into Quality values ( "EN.580.423", 2011, "Fall", 04, 0, 1, 3, 17, 5, 0 );
insert into Quality values ( "EN.580.429", 2011, "Fall", 02, 0, 1, 4, 13, 15, 0 );
insert into Quality values ( "EN.600.120", 2011, "Fall", 01, 0, 0, 2, 5, 9, 0 );
insert into Quality values ( "EN.600.120", 2012, "Fall", 01, 0, 0, 2, 25, 11, 0 );
insert into Quality values ( "EN.600.120", 2013, "Fall", 01, 0, 1, 2, 8, 15, 0 );
insert into Quality values ( "EN.600.120", 2012, "Spring", 01, 0, 0, 2, 13, 17, 0 );
insert into Quality values ( "EN.600.120", 2013, "Spring", 01, 4, 6, 18, 22, 23, 0 );
insert into Quality values ( "EN.600.120", 2014, "Spring", 01, 1, 0, 4, 6, 14, 0 );
insert into Quality values ( "EN.600.120", 2011, "Fall", 02, 0, 0, 2, 4, 8, 0 );
insert into Quality values ( "EN.600.120", 2012, "Fall", 02, 0, 0, 0, 4, 9, 0 );
insert into Quality values ( "EN.600.120", 2013, "Fall", 02, 0, 0, 2, 8, 17, 0 );
insert into Quality values ( "EN.600.120", 2012, "Spring", 02, 0, 0, 2, 8, 14, 1 );
insert into Quality values ( "EN.600.120", 2011, "Fall", 03, 0, 0, 1, 1, 8, 0 );
insert into Quality values ( "EN.600.120", 2011, "Fall", 04, 0, 0, 1, 1, 9, 0 );
insert into Quality values ( "EN.600.315", 2012, "Fall", 01, 1, 8, 4, 5, 0, 0 );
insert into Quality values ( "EN.600.315", 2015, "Fall", 01, 3, 8, 11, 9, 3, 0 );
insert into Quality values ( "EN.600.315", 2016, "Fall", 01, 5, 5, 9, 5, 2, 0 );
insert into Quality values ( "EN.600.321", 2011, "Fall", 01, 0, 1, 0, 7, 3, 0 );
insert into Quality values ( "EN.600.321", 2012, "Fall", 01, 0, 1, 7, 10, 11, 1 );
insert into Quality values ( "EN.600.321", 2013, "Fall", 01, 0, 0, 2, 10, 7, 0 );
insert into Quality values ( "EN.600.321", 2014, "Fall", 01, 0, 3, 3, 16, 11, 0 );
insert into Quality values ( "EN.600.415", 2011, "Fall", 01, 1, 1, 7, 12, 7, 1 );
insert into Quality values ( "EN.600.415", 2013, "Fall", 01, 1, 2, 7, 9, 5, 1 );
insert into Quality values ( "EN.600.415", 2014, "Fall", 01, 1, 3, 8, 13, 4, 0 );
insert into Quality values ( "EN.600.415", 2015, "Fall", 01, 10, 2, 9, 9, 3, 0 );
insert into Quality values ( "EN.600.415", 2016, "Fall", 01, 1, 2, 9, 14, 9, 1 );
insert into Quality values ( "EN.600.421", 2011, "Fall", 01, 0, 0, 3, 12, 11, 1 );
insert into Quality values ( "EN.600.421", 2012, "Fall", 01, 0, 1, 2, 11, 14, 0 );
insert into Quality values ( "EN.600.421", 2013, "Fall", 01, 0, 2, 1, 13, 15, 0 );
insert into Quality values ( "EN.600.421", 2014, "Fall", 01, 0, 1, 4, 20, 20, 1 );


insert into TeachingEffectiveness values ( "AS.030.212", 2017, "Spring", 01, 0, 0, 1, 4, 13, 0 );
insert into TeachingEffectiveness values ( "AS.030.449", 2011, "Fall", 01, 0, 1, 3, 10, 7, 0 );
insert into TeachingEffectiveness values ( "AS.100.103", 2011, "Fall", 01, 0, 2, 5, 10, 1, 0 );
insert into TeachingEffectiveness values ( "AS.100.122", 2011, "Fall", 04, 1, 1, 2, 10, 3, 0 );
insert into TeachingEffectiveness values ( "AS.171.101", 2011, "Fall", 01, 1, 2, 2, 10, 7, 0 );
insert into TeachingEffectiveness values ( "AS.171.101", 2011, "Fall", 02, 0, 3, 5, 7, 8, 0 );
insert into TeachingEffectiveness values ( "AS.171.101", 2011, "Fall", 04, 2, 2, 4, 9, 4, 0 );
insert into TeachingEffectiveness values ( "AS.171.101", 2011, "Fall", 08, 1, 3, 5, 12, 3, 0 );
insert into TeachingEffectiveness values ( "AS.171.101", 2011, "Fall", 10, 2, 0, 5, 6, 7, 0 );
insert into TeachingEffectiveness values ( "AS.171.102", 2011, "Fall", 02, 0, 2, 6, 10, 6, 1 );
insert into TeachingEffectiveness values ( "AS.171.103", 2011, "Fall", 02, 0, 1, 2, 6, 10, 2 );
insert into TeachingEffectiveness values ( "AS.250.131", 2012, "Fall", 01, 0, 0, 1, 6, 14, 0 );
insert into TeachingEffectiveness values ( "AS.250.205", 2013, "Fall", 01, 0, 3, 6, 10, 2, 0 );
insert into TeachingEffectiveness values ( "AS.250.205", 2014, "Fall", 01, 1, 4, 5, 13, 6, 0 );
insert into TeachingEffectiveness values ( "AS.250.205", 2015, "Fall", 01, 2, 3, 7, 6, 11, 0 );
insert into TeachingEffectiveness values ( "AS.250.205", 2015, "Spring", 01, 0, 1, 6, 14, 6, 0 );
insert into TeachingEffectiveness values ( "AS.250.205", 2014, "Fall", 02, 0, 1, 10, 14, 4, 0 );
insert into TeachingEffectiveness values ( "AS.250.205", 2015, "Fall", 02, 2, 1, 5, 12, 10, 0 );
insert into TeachingEffectiveness values ( "AS.250.205", 2015, "Fall", 04, 1, 3, 6, 10, 10, 0 );
insert into TeachingEffectiveness values ( "AS.389.205", 2013, "Fall", 01, 0, 1, 0, 4, 6, 0 );
insert into TeachingEffectiveness values ( "AS.389.205", 2012, "Spring", 01, 0, 0, 1, 2, 11, 0 );
insert into TeachingEffectiveness values ( "AS.389.205", 2014, "Spring", 01, 0, 0, 0, 4, 7, 0 );
insert into TeachingEffectiveness values ( "AS.389.205", 2016, "Spring", 01, 0, 0, 1, 1, 9, 0 );
insert into TeachingEffectiveness values ( "EN.520.214", 2013, "Spring", 01, 0, 4, 2, 14, 5, 0 );
insert into TeachingEffectiveness values ( "EN.520.214", 2014, "Spring", 01, 2, 1, 3, 10, 5, 0 );
insert into TeachingEffectiveness values ( "EN.520.214", 2014, "Spring", 02, 1, 3, 6, 9, 5, 0 );
insert into TeachingEffectiveness values ( "EN.550.420", 2013, "Fall", 01, 0, 4, 4, 3, 3, 0 );
insert into TeachingEffectiveness values ( "EN.550.420", 2014, "Fall", 01, 2, 4, 6, 5, 4, 0 );
insert into TeachingEffectiveness values ( "EN.550.420", 2016, "Fall", 01, 2, 4, 6, 9, 2, 0 );
insert into TeachingEffectiveness values ( "EN.550.420", 2013, "Fall", 02, 4, 1, 5, 7, 8, 0 );
insert into TeachingEffectiveness values ( "EN.550.420", 2014, "Fall", 02, 1, 5, 12, 5, 5, 0 );
insert into TeachingEffectiveness values ( "EN.550.420", 2015, "Fall", 02, 6, 3, 6, 6, 2, 0 );
insert into TeachingEffectiveness values ( "EN.550.420", 2016, "Fall", 02, 2, 1, 7, 11, 4, 0 );
insert into TeachingEffectiveness values ( "EN.550.420", 2016, "Spring", 02, 0, 0, 1, 15, 7, 0 );
insert into TeachingEffectiveness values ( "EN.550.420", 2017, "Spring", 02, 0, 1, 2, 10, 11, 0 );
insert into TeachingEffectiveness values ( "EN.550.420", 2013, "Fall", 03, 0, 5, 5, 4, 5, 1 );
insert into TeachingEffectiveness values ( "EN.550.420", 2014, "Fall", 03, 2, 4, 5, 6, 5, 1 );
insert into TeachingEffectiveness values ( "EN.550.420", 2015, "Fall", 03, 8, 2, 5, 3, 4, 0 );
insert into TeachingEffectiveness values ( "EN.550.420", 2016, "Fall", 03, 4, 2, 7, 8, 8, 0 );
insert into TeachingEffectiveness values ( "EN.550.420", 2016, "Spring", 03, 0, 0, 4, 7, 7, 0 );
insert into TeachingEffectiveness values ( "EN.550.420", 2013, "Fall", 04, 4, 3, 8, 4, 1, 0 );
insert into TeachingEffectiveness values ( "EN.550.420", 2014, "Fall", 04, 2, 1, 6, 2, 0, 0 );
insert into TeachingEffectiveness values ( "EN.550.420", 2015, "Fall", 04, 5, 3, 2, 9, 3, 1 );
insert into TeachingEffectiveness values ( "EN.550.420", 2016, "Fall", 04, 2, 5, 6, 10, 5, 0 );
insert into TeachingEffectiveness values ( "EN.550.436", 2011, "Fall", 01, 1, 2, 6, 9, 1, 0 );
insert into TeachingEffectiveness values ( "EN.550.436", 2012, "Fall", 01, 2, 0, 3, 13, 5, 0 );
insert into TeachingEffectiveness values ( "EN.550.436", 2013, "Fall", 01, 0, 1, 3, 6, 5, 0 );
insert into TeachingEffectiveness values ( "EN.550.436", 2014, "Fall", 01, 0, 3, 1, 16, 7, 0 );
insert into TeachingEffectiveness values ( "EN.550.436", 2015, "Fall", 01, 0, 1, 9, 7, 6, 0 );
insert into TeachingEffectiveness values ( "EN.550.436", 2016, "Fall", 01, 0, 0, 3, 12, 7, 0 );
insert into TeachingEffectiveness values ( "EN.550.436", 2017, "Spring", 01, 2, 3, 4, 6, 5, 0 );
insert into TeachingEffectiveness values ( "EN.550.436", 2012, "Fall", 02, 1, 2, 5, 5, 3, 0 );
insert into TeachingEffectiveness values ( "EN.550.436", 2013, "Fall", 02, 2, 1, 1, 5, 1, 0 );
insert into TeachingEffectiveness values ( "EN.550.436", 2014, "Fall", 02, 1, 4, 5, 3, 2, 0 );
insert into TeachingEffectiveness values ( "EN.550.436", 2015, "Fall", 02, 1, 1, 1, 6, 3, 0 );
insert into TeachingEffectiveness values ( "EN.550.436", 2016, "Fall", 02, 0, 1, 5, 7, 11, 0 );
insert into TeachingEffectiveness values ( "EN.550.436", 2017, "Spring", 02, 0, 1, 4, 9, 10, 0 );
insert into TeachingEffectiveness values ( "EN.550.436", 2016, "Fall", 04, 0, 0, 5, 7, 10, 0 );
insert into TeachingEffectiveness values ( "EN.580.421", 2011, "Fall", 03, 0, 2, 9, 15, 4, 0 );
insert into TeachingEffectiveness values ( "EN.580.421", 2011, "Fall", 04, 0, 1, 9, 9, 7, 0 );
insert into TeachingEffectiveness values ( "EN.580.423", 2011, "Fall", 04, 0, 1, 4, 16, 5, 0 );
insert into TeachingEffectiveness values ( "EN.580.429", 2011, "Fall", 02, 0, 1, 2, 12, 18, 0 );
insert into TeachingEffectiveness values ( "EN.600.120", 2011, "Fall", 01, 0, 1, 2, 7, 5, 0 );
insert into TeachingEffectiveness values ( "EN.600.120", 2012, "Fall", 01, 0, 1, 6, 23, 8, 0 );
insert into TeachingEffectiveness values ( "EN.600.120", 2013, "Fall", 01, 0, 2, 3, 9, 11, 0 );
insert into TeachingEffectiveness values ( "EN.600.120", 2012, "Spring", 01, 0, 0, 6, 15, 11, 0 );
insert into TeachingEffectiveness values ( "EN.600.120", 2013, "Spring", 01, 10, 6, 21, 19, 17, 0 );
insert into TeachingEffectiveness values ( "EN.600.120", 2014, "Spring", 01, 0, 3, 6, 9, 7, 0 );
insert into TeachingEffectiveness values ( "EN.600.120", 2011, "Fall", 02, 1, 0, 1, 9, 3, 0 );
insert into TeachingEffectiveness values ( "EN.600.120", 2012, "Fall", 02, 0, 0, 3, 2, 7, 0 );
insert into TeachingEffectiveness values ( "EN.600.120", 2013, "Fall", 02, 0, 2, 1, 12, 12, 0 );
insert into TeachingEffectiveness values ( "EN.600.120", 2012, "Spring", 02, 0, 0, 3, 8, 13, 1 );
insert into TeachingEffectiveness values ( "EN.600.120", 2011, "Fall", 03, 0, 0, 1, 5, 4, 0 );
insert into TeachingEffectiveness values ( "EN.600.120", 2011, "Fall", 04, 0, 1, 0, 6, 4, 0 );
insert into TeachingEffectiveness values ( "EN.600.315", 2012, "Fall", 01, 3, 7, 5, 3, 1, 0 );
insert into TeachingEffectiveness values ( "EN.600.315", 2015, "Fall", 01, 4, 12, 8, 7, 2, 0 );
insert into TeachingEffectiveness values ( "EN.600.315", 2016, "Fall", 01, 5, 7, 5, 6, 2, 0 );
insert into TeachingEffectiveness values ( "EN.600.321", 2011, "Fall", 01, 1, 3, 0, 6, 1, 0 );
insert into TeachingEffectiveness values ( "EN.600.321", 2012, "Fall", 01, 0, 1, 13, 7, 8, 1 );
insert into TeachingEffectiveness values ( "EN.600.321", 2013, "Fall", 01, 1, 0, 6, 8, 2, 0 );
insert into TeachingEffectiveness values ( "EN.600.321", 2014, "Fall", 01, 0, 3, 5, 12, 13, 0 );
insert into TeachingEffectiveness values ( "EN.600.415", 2011, "Fall", 01, 1, 2, 9, 10, 6, 1 );
insert into TeachingEffectiveness values ( "EN.600.415", 2013, "Fall", 01, 4, 2, 7, 7, 4, 1 );
insert into TeachingEffectiveness values ( "EN.600.415", 2014, "Fall", 01, 3, 5, 9, 7, 5, 0 );
insert into TeachingEffectiveness values ( "EN.600.415", 2015, "Fall", 01, 8, 8, 9, 4, 3, 0 );
insert into TeachingEffectiveness values ( "EN.600.415", 2016, "Fall", 01, 0, 2, 11, 16, 6, 1 );
insert into TeachingEffectiveness values ( "EN.600.421", 2011, "Fall", 01, 0, 2, 7, 9, 8, 1 );
insert into TeachingEffectiveness values ( "EN.600.421", 2012, "Fall", 01, 1, 0, 5, 17, 5, 0 );
insert into TeachingEffectiveness values ( "EN.600.421", 2013, "Fall", 01, 0, 4, 3, 13, 11, 0 );
insert into TeachingEffectiveness values ( "EN.600.421", 2014, "Fall", 01, 0, 1, 4, 11, 29, 0 );


insert into IntChallenge values ( "AS.030.212", 2017, "Spring", 01, 0, 0, 0, 4, 14, 0 );
insert into IntChallenge values ( "AS.030.449", 2011, "Fall", 01, 0, 0, 1, 12, 8, 0 );
insert into IntChallenge values ( "AS.100.103", 2011, "Fall", 01, 0, 0, 5, 11, 2, 0 );
insert into IntChallenge values ( "AS.100.122", 2011, "Fall", 04, 1, 0, 3, 12, 2, 0 );
insert into IntChallenge values ( "AS.171.101", 2011, "Fall", 01, 0, 1, 3, 7, 11, 0 );
insert into IntChallenge values ( "AS.171.101", 2011, "Fall", 02, 0, 0, 2, 11, 10, 0 );
insert into IntChallenge values ( "AS.171.101", 2011, "Fall", 04, 0, 1, 2, 9, 9, 0 );
insert into IntChallenge values ( "AS.171.101", 2011, "Fall", 08, 0, 0, 1, 12, 9, 0 );
insert into IntChallenge values ( "AS.171.101", 2011, "Fall", 10, 0, 0, 3, 12, 5, 0 );
insert into IntChallenge values ( "AS.171.102", 2011, "Fall", 02, 0, 0, 0, 11, 14, 0 );
insert into IntChallenge values ( "AS.171.103", 2011, "Fall", 02, 0, 0, 0, 10, 10, 0 );
insert into IntChallenge values ( "AS.250.131", 2012, "Fall", 01, 1, 3, 5, 6, 5, 1 );
insert into IntChallenge values ( "AS.250.205", 2013, "Fall", 01, 1, 0, 3, 13, 5, 0 );
insert into IntChallenge values ( "AS.250.205", 2014, "Fall", 01, 0, 1, 2, 18, 8, 0 );
insert into IntChallenge values ( "AS.250.205", 2015, "Fall", 01, 1, 1, 9, 9, 9, 0 );
insert into IntChallenge values ( "AS.250.205", 2015, "Spring", 01, 0, 0, 2, 15, 10, 0 );
insert into IntChallenge values ( "AS.250.205", 2014, "Fall", 02, 2, 1, 10, 8, 8, 0 );
insert into IntChallenge values ( "AS.250.205", 2015, "Fall", 02, 2, 1, 11, 9, 7, 0 );
insert into IntChallenge values ( "AS.250.205", 2015, "Fall", 04, 0, 4, 8, 10, 8, 0 );
insert into IntChallenge values ( "AS.389.205", 2013, "Fall", 01, 0, 0, 0, 6, 5, 0 );
insert into IntChallenge values ( "AS.389.205", 2012, "Spring", 01, 0, 0, 1, 8, 5, 0 );
insert into IntChallenge values ( "AS.389.205", 2014, "Spring", 01, 0, 0, 2, 5, 4, 0 );
insert into IntChallenge values ( "AS.389.205", 2016, "Spring", 01, 0, 0, 1, 3, 7, 0 );
insert into IntChallenge values ( "EN.520.214", 2013, "Spring", 01, 0, 0, 5, 9, 11, 0 );
insert into IntChallenge values ( "EN.520.214", 2014, "Spring", 01, 1, 0, 2, 8, 10, 0 );
insert into IntChallenge values ( "EN.520.214", 2014, "Spring", 02, 1, 0, 2, 12, 9, 0 );
insert into IntChallenge values ( "EN.550.420", 2013, "Fall", 01, 0, 0, 3, 3, 8, 0 );
insert into IntChallenge values ( "EN.550.420", 2014, "Fall", 01, 1, 0, 3, 9, 8, 0 );
insert into IntChallenge values ( "EN.550.420", 2016, "Fall", 01, 0, 1, 1, 8, 13, 0 );
insert into IntChallenge values ( "EN.550.420", 2013, "Fall", 02, 0, 1, 4, 7, 13, 0 );
insert into IntChallenge values ( "EN.550.420", 2014, "Fall", 02, 0, 0, 4, 12, 11, 0 );
insert into IntChallenge values ( "EN.550.420", 2015, "Fall", 02, 2, 0, 0, 6, 13, 1 );
insert into IntChallenge values ( "EN.550.420", 2016, "Fall", 02, 0, 0, 1, 8, 17, 0 );
insert into IntChallenge values ( "EN.550.420", 2016, "Spring", 02, 0, 0, 1, 9, 13, 0 );
insert into IntChallenge values ( "EN.550.420", 2017, "Spring", 02, 0, 1, 1, 10, 12, 0 );
insert into IntChallenge values ( "EN.550.420", 2013, "Fall", 03, 0, 0, 2, 8, 10, 0 );
insert into IntChallenge values ( "EN.550.420", 2014, "Fall", 03, 0, 0, 3, 4, 15, 0 );
insert into IntChallenge values ( "EN.550.420", 2015, "Fall", 03, 2, 2, 1, 5, 12, 0 );
insert into IntChallenge values ( "EN.550.420", 2016, "Fall", 03, 1, 0, 0, 10, 18, 0 );
insert into IntChallenge values ( "EN.550.420", 2016, "Spring", 03, 0, 0, 2, 4, 11, 0 );
insert into IntChallenge values ( "EN.550.420", 2013, "Fall", 04, 0, 1, 3, 12, 4, 0 );
insert into IntChallenge values ( "EN.550.420", 2014, "Fall", 04, 0, 0, 1, 4, 5, 0 );
insert into IntChallenge values ( "EN.550.420", 2015, "Fall", 04, 2, 1, 5, 7, 7, 1 );
insert into IntChallenge values ( "EN.550.420", 2016, "Fall", 04, 0, 0, 1, 5, 22, 0 );
insert into IntChallenge values ( "EN.550.436", 2011, "Fall", 01, 0, 0, 2, 14, 3, 0 );
insert into IntChallenge values ( "EN.550.436", 2012, "Fall", 01, 1, 0, 2, 12, 7, 0 );
insert into IntChallenge values ( "EN.550.436", 2013, "Fall", 01, 0, 0, 3, 9, 3, 0 );
insert into IntChallenge values ( "EN.550.436", 2014, "Fall", 01, 0, 0, 3, 19, 4, 0 );
insert into IntChallenge values ( "EN.550.436", 2015, "Fall", 01, 0, 2, 4, 9, 7, 0 );
insert into IntChallenge values ( "EN.550.436", 2016, "Fall", 01, 0, 1, 2, 13, 6, 0 );
insert into IntChallenge values ( "EN.550.436", 2017, "Spring", 01, 0, 1, 3, 12, 4, 0 );
insert into IntChallenge values ( "EN.550.436", 2012, "Fall", 02, 1, 0, 4, 7, 4, 0 );
insert into IntChallenge values ( "EN.550.436", 2013, "Fall", 02, 0, 0, 2, 4, 4, 0 );
insert into IntChallenge values ( "EN.550.436", 2014, "Fall", 02, 1, 1, 1, 7, 5, 0 );
insert into IntChallenge values ( "EN.550.436", 2015, "Fall", 02, 0, 0, 5, 4, 3, 0 );
insert into IntChallenge values ( "EN.550.436", 2016, "Fall", 02, 0, 0, 6, 10, 8, 0 );
insert into IntChallenge values ( "EN.550.436", 2017, "Spring", 02, 1, 1, 6, 7, 9, 0 );
insert into IntChallenge values ( "EN.550.436", 2016, "Fall", 04, 0, 0, 3, 11, 9, 0 );
insert into IntChallenge values ( "EN.580.421", 2011, "Fall", 03, 0, 1, 1, 10, 19, 0 );
insert into IntChallenge values ( "EN.580.421", 2011, "Fall", 04, 0, 1, 1, 8, 15, 0 );
insert into IntChallenge values ( "EN.580.423", 2011, "Fall", 04, 0, 1, 4, 12, 9, 0 );
insert into IntChallenge values ( "EN.580.429", 2011, "Fall", 02, 0, 1, 4, 16, 12, 0 );
insert into IntChallenge values ( "EN.600.120", 2011, "Fall", 01, 0, 0, 2, 6, 8, 0 );
insert into IntChallenge values ( "EN.600.120", 2012, "Fall", 01, 0, 0, 1, 15, 22, 0 );
insert into IntChallenge values ( "EN.600.120", 2013, "Fall", 01, 0, 2, 0, 5, 18, 0 );
insert into IntChallenge values ( "EN.600.120", 2012, "Spring", 01, 0, 0, 1, 8, 23, 0 );
insert into IntChallenge values ( "EN.600.120", 2013, "Spring", 01, 0, 0, 6, 22, 44, 0 );
insert into IntChallenge values ( "EN.600.120", 2014, "Spring", 01, 0, 1, 1, 3, 20, 0 );
insert into IntChallenge values ( "EN.600.120", 2011, "Fall", 02, 0, 0, 1, 3, 10, 0 );
insert into IntChallenge values ( "EN.600.120", 2012, "Fall", 02, 0, 0, 0, 2, 11, 0 );
insert into IntChallenge values ( "EN.600.120", 2013, "Fall", 02, 0, 0, 0, 10, 17, 0 );
insert into IntChallenge values ( "EN.600.120", 2012, "Spring", 02, 0, 0, 0, 9, 15, 1 );
insert into IntChallenge values ( "EN.600.120", 2011, "Fall", 03, 0, 0, 0, 4, 6, 0 );
insert into IntChallenge values ( "EN.600.120", 2011, "Fall", 04, 1, 0, 0, 1, 9, 0 );
insert into IntChallenge values ( "EN.600.315", 2012, "Fall", 01, 1, 1, 5, 10, 1, 0 );
insert into IntChallenge values ( "EN.600.315", 2015, "Fall", 01, 0, 0, 10, 17, 6, 0 );
insert into IntChallenge values ( "EN.600.315", 2016, "Fall", 01, 1, 3, 10, 8, 3, 0 );
insert into IntChallenge values ( "EN.600.321", 2011, "Fall", 01, 0, 1, 0, 8, 2, 0 );
insert into IntChallenge values ( "EN.600.321", 2012, "Fall", 01, 0, 1, 8, 9, 11, 1 );
insert into IntChallenge values ( "EN.600.321", 2013, "Fall", 01, 0, 1, 3, 8, 7, 0 );
insert into IntChallenge values ( "EN.600.321", 2014, "Fall", 01, 0, 2, 9, 13, 9, 0 );
insert into IntChallenge values ( "EN.600.415", 2011, "Fall", 01, 1, 1, 5, 16, 4, 1 );
insert into IntChallenge values ( "EN.600.415", 2013, "Fall", 01, 1, 0, 5, 10, 8, 1 );
insert into IntChallenge values ( "EN.600.415", 2014, "Fall", 01, 0, 1, 9, 16, 3, 0 );
insert into IntChallenge values ( "EN.600.415", 2015, "Fall", 01, 0, 6, 8, 15, 3, 0 );
insert into IntChallenge values ( "EN.600.415", 2016, "Fall", 01, 0, 1, 6, 19, 8, 1 );
insert into IntChallenge values ( "EN.600.421", 2011, "Fall", 01, 0, 0, 4, 11, 12, 1 );
insert into IntChallenge values ( "EN.600.421", 2012, "Fall", 01, 0, 1, 5, 12, 10, 0 );
insert into IntChallenge values ( "EN.600.421", 2013, "Fall", 01, 0, 2, 4, 9, 16, 0 );
insert into IntChallenge values ( "EN.600.421", 2014, "Fall", 01, 0, 0, 10, 21, 15, 0 );


insert into WorkFeedback values ( "AS.030.212", 2017, "Spring", 01, 0, 0, 0, 4, 14, 0 );
insert into WorkFeedback values ( "AS.030.449", 2011, "Fall", 01, 0, 0, 4, 12, 5, 0 );
insert into WorkFeedback values ( "AS.100.103", 2011, "Fall", 01, 0, 1, 2, 11, 4, 0 );
insert into WorkFeedback values ( "AS.100.122", 2011, "Fall", 04, 1, 1, 1, 12, 3, 0 );
insert into WorkFeedback values ( "AS.171.101", 2011, "Fall", 01, 1, 0, 4, 10, 7, 0 );
insert into WorkFeedback values ( "AS.171.101", 2011, "Fall", 02, 0, 0, 4, 14, 5, 0 );
insert into WorkFeedback values ( "AS.171.101", 2011, "Fall", 04, 1, 4, 0, 11, 4, 0 );
insert into WorkFeedback values ( "AS.171.101", 2011, "Fall", 08, 0, 3, 6, 12, 3, 0 );
insert into WorkFeedback values ( "AS.171.101", 2011, "Fall", 10, 0, 1, 3, 10, 6, 0 );
insert into WorkFeedback values ( "AS.171.102", 2011, "Fall", 02, 0, 2, 7, 12, 4, 0 );
insert into WorkFeedback values ( "AS.171.103", 2011, "Fall", 02, 0, 0, 7, 12, 2, 0 );
insert into WorkFeedback values ( "AS.250.131", 2012, "Fall", 01, 0, 1, 1, 6, 13, 0 );
insert into WorkFeedback values ( "AS.250.205", 2013, "Fall", 01, 0, 1, 4, 11, 6, 0 );
insert into WorkFeedback values ( "AS.250.205", 2014, "Fall", 01, 0, 3, 4, 9, 13, 0 );
insert into WorkFeedback values ( "AS.250.205", 2015, "Fall", 01, 1, 3, 2, 11, 11, 0 );
insert into WorkFeedback values ( "AS.250.205", 2015, "Spring", 01, 0, 0, 5, 12, 10, 0 );
insert into WorkFeedback values ( "AS.250.205", 2014, "Fall", 02, 2, 1, 7, 12, 7, 0 );
insert into WorkFeedback values ( "AS.250.205", 2015, "Fall", 02, 0, 1, 7, 12, 10, 0 );
insert into WorkFeedback values ( "AS.250.205", 2015, "Fall", 04, 1, 1, 7, 9, 13, 0 );
insert into WorkFeedback values ( "AS.389.205", 2013, "Fall", 01, 0, 0, 1, 4, 6, 0 );
insert into WorkFeedback values ( "AS.389.205", 2012, "Spring", 01, 0, 0, 1, 2, 11, 0 );
insert into WorkFeedback values ( "AS.389.205", 2014, "Spring", 01, 0, 0, 0, 5, 6, 0 );
insert into WorkFeedback values ( "AS.389.205", 2016, "Spring", 01, 0, 0, 0, 5, 6, 0 );
insert into WorkFeedback values ( "EN.520.214", 2013, "Spring", 01, 0, 1, 8, 13, 3, 0 );
insert into WorkFeedback values ( "EN.520.214", 2014, "Spring", 01, 1, 2, 3, 11, 4, 0 );
insert into WorkFeedback values ( "EN.520.214", 2014, "Spring", 02, 1, 4, 4, 12, 3, 0 );
insert into WorkFeedback values ( "EN.550.420", 2013, "Fall", 01, 0, 0, 5, 7, 1, 1 );
insert into WorkFeedback values ( "EN.550.420", 2014, "Fall", 01, 2, 1, 6, 9, 3, 0 );
insert into WorkFeedback values ( "EN.550.420", 2016, "Fall", 01, 2, 2, 5, 11, 3, 0 );
insert into WorkFeedback values ( "EN.550.420", 2013, "Fall", 02, 2, 1, 3, 10, 9, 0 );
insert into WorkFeedback values ( "EN.550.420", 2014, "Fall", 02, 0, 2, 10, 10, 6, 0 );
insert into WorkFeedback values ( "EN.550.420", 2015, "Fall", 02, 3, 6, 5, 5, 3, 0 );
insert into WorkFeedback values ( "EN.550.420", 2016, "Fall", 02, 1, 1, 4, 13, 7, 0 );
insert into WorkFeedback values ( "EN.550.420", 2016, "Spring", 02, 0, 0, 1, 13, 9, 0 );
insert into WorkFeedback values ( "EN.550.420", 2017, "Spring", 02, 0, 1, 5, 8, 10, 0 );
insert into WorkFeedback values ( "EN.550.420", 2013, "Fall", 03, 0, 0, 4, 11, 5, 0 );
insert into WorkFeedback values ( "EN.550.420", 2014, "Fall", 03, 2, 1, 5, 10, 5, 0 );
insert into WorkFeedback values ( "EN.550.420", 2015, "Fall", 03, 3, 7, 5, 6, 1, 0 );
insert into WorkFeedback values ( "EN.550.420", 2016, "Fall", 03, 1, 2, 4, 12, 10, 0 );
insert into WorkFeedback values ( "EN.550.420", 2016, "Spring", 03, 0, 1, 4, 9, 4, 0 );
insert into WorkFeedback values ( "EN.550.420", 2013, "Fall", 04, 0, 2, 9, 8, 1, 0 );
insert into WorkFeedback values ( "EN.550.420", 2014, "Fall", 04, 0, 2, 4, 5, 0, 0 );
insert into WorkFeedback values ( "EN.550.420", 2015, "Fall", 04, 4, 4, 2, 9, 3, 1 );
insert into WorkFeedback values ( "EN.550.420", 2016, "Fall", 04, 2, 2, 5, 8, 11, 0 );
insert into WorkFeedback values ( "EN.550.436", 2011, "Fall", 01, 0, 2, 5, 11, 1, 0 );
insert into WorkFeedback values ( "EN.550.436", 2012, "Fall", 01, 2, 0, 2, 13, 6, 0 );
insert into WorkFeedback values ( "EN.550.436", 2013, "Fall", 01, 0, 0, 2, 6, 7, 0 );
insert into WorkFeedback values ( "EN.550.436", 2014, "Fall", 01, 0, 3, 2, 16, 6, 0 );
insert into WorkFeedback values ( "EN.550.436", 2015, "Fall", 01, 0, 0, 7, 12, 4, 0 );
insert into WorkFeedback values ( "EN.550.436", 2016, "Fall", 01, 0, 0, 4, 13, 5, 0 );
insert into WorkFeedback values ( "EN.550.436", 2017, "Spring", 01, 0, 1, 4, 8, 7, 0 );
insert into WorkFeedback values ( "EN.550.436", 2012, "Fall", 02, 2, 1, 2, 9, 2, 0 );
insert into WorkFeedback values ( "EN.550.436", 2013, "Fall", 02, 0, 2, 3, 0, 5, 0 );
insert into WorkFeedback values ( "EN.550.436", 2014, "Fall", 02, 1, 3, 5, 4, 2, 0 );
insert into WorkFeedback values ( "EN.550.436", 2015, "Fall", 02, 0, 1, 0, 7, 4, 0 );
insert into WorkFeedback values ( "EN.550.436", 2016, "Fall", 02, 0, 0, 3, 11, 10, 0 );
insert into WorkFeedback values ( "EN.550.436", 2017, "Spring", 02, 1, 0, 4, 8, 11, 0 );
insert into WorkFeedback values ( "EN.550.436", 2016, "Fall", 04, 0, 0, 4, 6, 13, 0 );
insert into WorkFeedback values ( "EN.580.421", 2011, "Fall", 03, 0, 3, 5, 12, 11, 0 );
insert into WorkFeedback values ( "EN.580.421", 2011, "Fall", 04, 0, 1, 5, 14, 6, 0 );
insert into WorkFeedback values ( "EN.580.423", 2011, "Fall", 04, 0, 1, 3, 17, 5, 0 );
insert into WorkFeedback values ( "EN.580.429", 2011, "Fall", 02, 0, 1, 4, 13, 15, 0 );
insert into WorkFeedback values ( "EN.600.120", 2011, "Fall", 01, 0, 0, 2, 5, 9, 0 );
insert into WorkFeedback values ( "EN.600.120", 2012, "Fall", 01, 0, 0, 2, 25, 11, 0 );
insert into WorkFeedback values ( "EN.600.120", 2013, "Fall", 01, 0, 1, 2, 8, 15, 0 );
insert into WorkFeedback values ( "EN.600.120", 2012, "Spring", 01, 0, 0, 2, 13, 17, 0 );
insert into WorkFeedback values ( "EN.600.120", 2013, "Spring", 01, 4, 6, 18, 22, 23, 0 );
insert into WorkFeedback values ( "EN.600.120", 2014, "Spring", 01, 1, 0, 4, 6, 14, 0 );
insert into WorkFeedback values ( "EN.600.120", 2011, "Fall", 02, 0, 0, 2, 4, 8, 0 );
insert into WorkFeedback values ( "EN.600.120", 2012, "Fall", 02, 0, 0, 0, 4, 9, 0 );
insert into WorkFeedback values ( "EN.600.120", 2013, "Fall", 02, 0, 0, 2, 8, 17, 0 );
insert into WorkFeedback values ( "EN.600.120", 2012, "Spring", 02, 0, 0, 2, 8, 14, 1 );
insert into WorkFeedback values ( "EN.600.120", 2011, "Fall", 03, 0, 0, 1, 1, 8, 0 );
insert into WorkFeedback values ( "EN.600.120", 2011, "Fall", 04, 0, 0, 1, 1, 9, 0 );
insert into WorkFeedback values ( "EN.600.315", 2012, "Fall", 01, 1, 8, 4, 5, 0, 0 );
insert into WorkFeedback values ( "EN.600.315", 2015, "Fall", 01, 3, 8, 11, 9, 3, 0 );
insert into WorkFeedback values ( "EN.600.315", 2016, "Fall", 01, 5, 5, 9, 5, 2, 0 );
insert into WorkFeedback values ( "EN.600.321", 2011, "Fall", 01, 0, 1, 0, 7, 3, 0 );
insert into WorkFeedback values ( "EN.600.321", 2012, "Fall", 01, 0, 1, 7, 10, 11, 1 );
insert into WorkFeedback values ( "EN.600.321", 2013, "Fall", 01, 0, 0, 2, 10, 7, 0 );
insert into WorkFeedback values ( "EN.600.321", 2014, "Fall", 01, 0, 3, 3, 16, 11, 0 );
insert into WorkFeedback values ( "EN.600.415", 2011, "Fall", 01, 1, 1, 7, 12, 7, 1 );
insert into WorkFeedback values ( "EN.600.415", 2013, "Fall", 01, 1, 2, 7, 9, 5, 1 );
insert into WorkFeedback values ( "EN.600.415", 2014, "Fall", 01, 1, 3, 8, 13, 4, 0 );
insert into WorkFeedback values ( "EN.600.415", 2015, "Fall", 01, 10, 2, 9, 9, 3, 0 );
insert into WorkFeedback values ( "EN.600.415", 2016, "Fall", 01, 1, 2, 9, 14, 9, 1 );
insert into WorkFeedback values ( "EN.600.421", 2011, "Fall", 01, 0, 0, 3, 12, 11, 1 );
insert into WorkFeedback values ( "EN.600.421", 2012, "Fall", 01, 0, 1, 2, 11, 14, 0 );
insert into WorkFeedback values ( "EN.600.421", 2013, "Fall", 01, 0, 2, 1, 13, 15, 0 );
insert into WorkFeedback values ( "EN.600.421", 2014, "Fall", 01, 0, 1, 4, 20, 20, 1 );


insert into Workload values ( "AS.030.212", 2017, "Spring", 01, 0, 0, 1, 4, 13, 0 );
insert into Workload values ( "AS.030.449", 2011, "Fall", 01, 0, 1, 3, 10, 7, 0 );
insert into Workload values ( "AS.100.103", 2011, "Fall", 01, 0, 2, 5, 10, 1, 0 );
insert into Workload values ( "AS.100.122", 2011, "Fall", 04, 1, 1, 2, 10, 3, 0 );
insert into Workload values ( "AS.171.101", 2011, "Fall", 01, 1, 2, 2, 10, 7, 0 );
insert into Workload values ( "AS.171.101", 2011, "Fall", 02, 0, 3, 5, 7, 8, 0 );
insert into Workload values ( "AS.171.101", 2011, "Fall", 04, 2, 2, 4, 9, 4, 0 );
insert into Workload values ( "AS.171.101", 2011, "Fall", 08, 1, 3, 5, 12, 3, 0 );
insert into Workload values ( "AS.171.101", 2011, "Fall", 10, 2, 0, 5, 6, 7, 0 );
insert into Workload values ( "AS.171.102", 2011, "Fall", 02, 0, 2, 6, 10, 6, 1 );
insert into Workload values ( "AS.171.103", 2011, "Fall", 02, 0, 1, 2, 6, 10, 2 );
insert into Workload values ( "AS.250.131", 2012, "Fall", 01, 0, 0, 1, 6, 14, 0 );
insert into Workload values ( "AS.250.205", 2013, "Fall", 01, 0, 3, 6, 10, 2, 0 );
insert into Workload values ( "AS.250.205", 2014, "Fall", 01, 1, 4, 5, 13, 6, 0 );
insert into Workload values ( "AS.250.205", 2015, "Fall", 01, 2, 3, 7, 6, 11, 0 );
insert into Workload values ( "AS.250.205", 2015, "Spring", 01, 0, 1, 6, 14, 6, 0 );
insert into Workload values ( "AS.250.205", 2014, "Fall", 02, 0, 1, 10, 14, 4, 0 );
insert into Workload values ( "AS.250.205", 2015, "Fall", 02, 2, 1, 5, 12, 10, 0 );
insert into Workload values ( "AS.250.205", 2015, "Fall", 04, 1, 3, 6, 10, 10, 0 );
insert into Workload values ( "AS.389.205", 2013, "Fall", 01, 0, 1, 0, 4, 6, 0 );
insert into Workload values ( "AS.389.205", 2012, "Spring", 01, 0, 0, 1, 2, 11, 0 );
insert into Workload values ( "AS.389.205", 2014, "Spring", 01, 0, 0, 0, 4, 7, 0 );
insert into Workload values ( "AS.389.205", 2016, "Spring", 01, 0, 0, 1, 1, 9, 0 );
insert into Workload values ( "EN.520.214", 2013, "Spring", 01, 0, 4, 2, 14, 5, 0 );
insert into Workload values ( "EN.520.214", 2014, "Spring", 01, 2, 1, 3, 10, 5, 0 );
insert into Workload values ( "EN.520.214", 2014, "Spring", 02, 1, 3, 6, 9, 5, 0 );
insert into Workload values ( "EN.550.420", 2013, "Fall", 01, 0, 4, 4, 3, 3, 0 );
insert into Workload values ( "EN.550.420", 2014, "Fall", 01, 2, 4, 6, 5, 4, 0 );
insert into Workload values ( "EN.550.420", 2016, "Fall", 01, 2, 4, 6, 9, 2, 0 );
insert into Workload values ( "EN.550.420", 2013, "Fall", 02, 4, 1, 5, 7, 8, 0 );
insert into Workload values ( "EN.550.420", 2014, "Fall", 02, 1, 5, 12, 5, 5, 0 );
insert into Workload values ( "EN.550.420", 2015, "Fall", 02, 6, 3, 6, 6, 2, 0 );
insert into Workload values ( "EN.550.420", 2016, "Fall", 02, 2, 1, 7, 11, 4, 0 );
insert into Workload values ( "EN.550.420", 2016, "Spring", 02, 0, 0, 1, 15, 7, 0 );
insert into Workload values ( "EN.550.420", 2017, "Spring", 02, 0, 1, 2, 10, 11, 0 );
insert into Workload values ( "EN.550.420", 2013, "Fall", 03, 0, 5, 5, 4, 5, 1 );
insert into Workload values ( "EN.550.420", 2014, "Fall", 03, 2, 4, 5, 6, 5, 1 );
insert into Workload values ( "EN.550.420", 2015, "Fall", 03, 8, 2, 5, 3, 4, 0 );
insert into Workload values ( "EN.550.420", 2016, "Fall", 03, 4, 2, 7, 8, 8, 0 );
insert into Workload values ( "EN.550.420", 2016, "Spring", 03, 0, 0, 4, 7, 7, 0 );
insert into Workload values ( "EN.550.420", 2013, "Fall", 04, 4, 3, 8, 4, 1, 0 );
insert into Workload values ( "EN.550.420", 2014, "Fall", 04, 2, 1, 6, 2, 0, 0 );
insert into Workload values ( "EN.550.420", 2015, "Fall", 04, 5, 3, 2, 9, 3, 1 );
insert into Workload values ( "EN.550.420", 2016, "Fall", 04, 2, 5, 6, 10, 5, 0 );
insert into Workload values ( "EN.550.436", 2011, "Fall", 01, 1, 2, 6, 9, 1, 0 );
insert into Workload values ( "EN.550.436", 2012, "Fall", 01, 2, 0, 3, 13, 5, 0 );
insert into Workload values ( "EN.550.436", 2013, "Fall", 01, 0, 1, 3, 6, 5, 0 );
insert into Workload values ( "EN.550.436", 2014, "Fall", 01, 0, 3, 1, 16, 7, 0 );
insert into Workload values ( "EN.550.436", 2015, "Fall", 01, 0, 1, 9, 7, 6, 0 );
insert into Workload values ( "EN.550.436", 2016, "Fall", 01, 0, 0, 3, 12, 7, 0 );
insert into Workload values ( "EN.550.436", 2017, "Spring", 01, 2, 3, 4, 6, 5, 0 );
insert into Workload values ( "EN.550.436", 2012, "Fall", 02, 1, 2, 5, 5, 3, 0 );
insert into Workload values ( "EN.550.436", 2013, "Fall", 02, 2, 1, 1, 5, 1, 0 );
insert into Workload values ( "EN.550.436", 2014, "Fall", 02, 1, 4, 5, 3, 2, 0 );
insert into Workload values ( "EN.550.436", 2015, "Fall", 02, 1, 1, 1, 6, 3, 0 );
insert into Workload values ( "EN.550.436", 2016, "Fall", 02, 0, 1, 5, 7, 11, 0 );
insert into Workload values ( "EN.550.436", 2017, "Spring", 02, 0, 1, 4, 9, 10, 0 );
insert into Workload values ( "EN.550.436", 2016, "Fall", 04, 0, 0, 5, 7, 10, 0 );
insert into Workload values ( "EN.580.421", 2011, "Fall", 03, 0, 2, 9, 15, 4, 0 );
insert into Workload values ( "EN.580.421", 2011, "Fall", 04, 0, 1, 9, 9, 7, 0 );
insert into Workload values ( "EN.580.423", 2011, "Fall", 04, 0, 1, 4, 16, 5, 0 );
insert into Workload values ( "EN.580.429", 2011, "Fall", 02, 0, 1, 2, 12, 18, 0 );
insert into Workload values ( "EN.600.120", 2011, "Fall", 01, 0, 1, 2, 7, 5, 0 );
insert into Workload values ( "EN.600.120", 2012, "Fall", 01, 0, 1, 6, 23, 8, 0 );
insert into Workload values ( "EN.600.120", 2013, "Fall", 01, 0, 2, 3, 9, 11, 0 );
insert into Workload values ( "EN.600.120", 2012, "Spring", 01, 0, 0, 6, 15, 11, 0 );
insert into Workload values ( "EN.600.120", 2013, "Spring", 01, 10, 6, 21, 19, 17, 0 );
insert into Workload values ( "EN.600.120", 2014, "Spring", 01, 0, 3, 6, 9, 7, 0 );
insert into Workload values ( "EN.600.120", 2011, "Fall", 02, 1, 0, 1, 9, 3, 0 );
insert into Workload values ( "EN.600.120", 2012, "Fall", 02, 0, 0, 3, 2, 7, 0 );
insert into Workload values ( "EN.600.120", 2013, "Fall", 02, 0, 2, 1, 12, 12, 0 );
insert into Workload values ( "EN.600.120", 2012, "Spring", 02, 0, 0, 3, 8, 13, 1 );
insert into Workload values ( "EN.600.120", 2011, "Fall", 03, 0, 0, 1, 5, 4, 0 );
insert into Workload values ( "EN.600.120", 2011, "Fall", 04, 0, 1, 0, 6, 4, 0 );
insert into Workload values ( "EN.600.315", 2012, "Fall", 01, 3, 7, 5, 3, 1, 0 );
insert into Workload values ( "EN.600.315", 2015, "Fall", 01, 4, 12, 8, 7, 2, 0 );
insert into Workload values ( "EN.600.315", 2016, "Fall", 01, 5, 7, 5, 6, 2, 0 );
insert into Workload values ( "EN.600.321", 2011, "Fall", 01, 1, 3, 0, 6, 1, 0 );
insert into Workload values ( "EN.600.321", 2012, "Fall", 01, 0, 1, 13, 7, 8, 1 );
insert into Workload values ( "EN.600.321", 2013, "Fall", 01, 1, 0, 6, 8, 2, 0 );
insert into Workload values ( "EN.600.321", 2014, "Fall", 01, 0, 3, 5, 12, 13, 0 );
insert into Workload values ( "EN.600.415", 2011, "Fall", 01, 1, 2, 9, 10, 6, 1 );
insert into Workload values ( "EN.600.415", 2013, "Fall", 01, 4, 2, 7, 7, 4, 1 );
insert into Workload values ( "EN.600.415", 2014, "Fall", 01, 3, 5, 9, 7, 5, 0 );
insert into Workload values ( "EN.600.415", 2015, "Fall", 01, 8, 8, 9, 4, 3, 0 );
insert into Workload values ( "EN.600.415", 2016, "Fall", 01, 0, 2, 11, 16, 6, 1 );
insert into Workload values ( "EN.600.421", 2011, "Fall", 01, 0, 2, 7, 9, 8, 1 );
insert into Workload values ( "EN.600.421", 2012, "Fall", 01, 1, 0, 5, 17, 5, 0 );
insert into Workload values ( "EN.600.421", 2013, "Fall", 01, 0, 4, 3, 13, 11, 0 );
insert into Workload values ( "EN.600.421", 2014, "Fall", 01, 0, 1, 4, 11, 29, 0 );


insert into AggregateInfo values ( "AS.030.212", 2017, "Spring", 01, 1.00, 4.78, 0.43, 5.00, "Quality" );
insert into AggregateInfo values ( "AS.030.449", 2011, "Fall", 01, 1.00, 4.05, 0.67, 4.00, "Quality" );
insert into AggregateInfo values ( "AS.100.103", 2011, "Fall", 01, 0.95, 4.00, 0.77, 4.00, "Quality" );
insert into AggregateInfo values ( "AS.100.122", 2011, "Fall", 04, 0.95, 3.83, 0.99, 4.00, "Quality" );
insert into AggregateInfo values ( "AS.171.101", 2011, "Fall", 01, 0.96, 4.00, 0.98, 4.00, "Quality" );
insert into AggregateInfo values ( "AS.171.101", 2011, "Fall", 02, 1.00, 4.04, 0.64, 4.00, "Quality" );
insert into AggregateInfo values ( "AS.171.101", 2011, "Fall", 04, 0.95, 3.65, 1.18, 4.00, "Quality" );
insert into AggregateInfo values ( "AS.171.101", 2011, "Fall", 08, 1.00, 3.63, 0.88, 4.00, "Quality" );
insert into AggregateInfo values ( "AS.171.101", 2011, "Fall", 10, 0.95, 4.05, 0.83, 4.00, "Quality" );
insert into AggregateInfo values ( "AS.171.102", 2011, "Fall", 02, 1.00, 3.72, 0.84, 4.00, "Quality" );
insert into AggregateInfo values ( "AS.171.103", 2011, "Fall", 02, 0.95, 3.76, 0.62, 4.00, "Quality" );
insert into AggregateInfo values ( "AS.250.131", 2012, "Fall", 01, 1.00, 4.48, 0.81, 5.00, "Quality" );
insert into AggregateInfo values ( "AS.250.205", 2013, "Fall", 01, 0.96, 4.00, 0.82, 4.00, "Quality" );
insert into AggregateInfo values ( "AS.250.205", 2014, "Fall", 01, 0.97, 4.10, 1.01, 4.00, "Quality" );
insert into AggregateInfo values ( "AS.250.205", 2015, "Fall", 01, 0.97, 4.00, 1.12, 4.00, "Quality" );
insert into AggregateInfo values ( "AS.250.205", 2015, "Spring", 01, 0.96, 4.19, 0.74, 4.00, "Quality" );
insert into AggregateInfo values ( "AS.250.205", 2014, "Fall", 02, 0.94, 3.72, 1.10, 4.00, "Quality" );
insert into AggregateInfo values ( "AS.250.205", 2015, "Fall", 02, 0.94, 4.03, 0.85, 4.00, "Quality" );
insert into AggregateInfo values ( "AS.250.205", 2015, "Fall", 04, 0.97, 4.03, 1.05, 4.00, "Quality" );
insert into AggregateInfo values ( "AS.389.205", 2013, "Fall", 01, 0.92, 4.45, 0.69, 5.00, "Quality" );
insert into AggregateInfo values ( "AS.389.205", 2012, "Spring", 01, 1.00, 4.71, 0.61, 5.00, "Quality" );
insert into AggregateInfo values ( "AS.389.205", 2014, "Spring", 01, 0.92, 4.55, 0.52, 5.00, "Quality" );
insert into AggregateInfo values ( "AS.389.205", 2016, "Spring", 01, 1.00, 4.55, 0.52, 5.00, "Quality" );
insert into AggregateInfo values ( "EN.520.214", 2013, "Spring", 01, 0.96, 3.72, 0.74, 4.00, "Quality" );
insert into AggregateInfo values ( "EN.520.214", 2014, "Spring", 01, 1.00, 3.71, 1.06, 4.00, "Quality" );
insert into AggregateInfo values ( "EN.520.214", 2014, "Spring", 02, 0.96, 3.50, 1.06, 4.00, "Quality" );
insert into AggregateInfo values ( "EN.550.420", 2013, "Fall", 01, 0.82, 3.69, 0.63, 4.00, "Quality" );
insert into AggregateInfo values ( "EN.550.420", 2014, "Fall", 01, 0.91, 3.48, 1.12, 4.00, "Quality" );
insert into AggregateInfo values ( "EN.550.420", 2016, "Fall", 01, 0.92, 3.48, 1.12, 4.00, "Quality" );
insert into AggregateInfo values ( "EN.550.420", 2013, "Fall", 02, 0.96, 3.92, 1.19, 4.00, "Quality" );
insert into AggregateInfo values ( "EN.550.420", 2014, "Fall", 02, 0.97, 3.71, 0.90, 4.00, "Quality" );
insert into AggregateInfo values ( "EN.550.420", 2015, "Fall", 02, 0.96, 2.95, 1.29, 3.00, "Quality" );
insert into AggregateInfo values ( "EN.550.420", 2016, "Fall", 02, 0.96, 3.92, 0.98, 4.00, "Quality" );
insert into AggregateInfo values ( "EN.550.420", 2016, "Spring", 02, 0.92, 4.35, 0.57, 4.00, "Quality" );
insert into AggregateInfo values ( "EN.550.420", 2017, "Spring", 02, 1.00, 4.13, 0.90, 4.00, "Quality" );
insert into AggregateInfo values ( "EN.550.420", 2013, "Fall", 03, 0.95, 4.05, 0.69, 4.00, "Quality" );
insert into AggregateInfo values ( "EN.550.420", 2014, "Fall", 03, 0.96, 3.65, 1.15, 4.00, "Quality" );
insert into AggregateInfo values ( "EN.550.420", 2015, "Fall", 03, 0.92, 2.77, 1.15, 3.00, "Quality" );
insert into AggregateInfo values ( "EN.550.420", 2016, "Fall", 03, 0.94, 3.97, 1.05, 4.00, "Quality" );
insert into AggregateInfo values ( "EN.550.420", 2016, "Spring", 03, 0.95, 3.89, 0.83, 4.00, "Quality" );
insert into AggregateInfo values ( "EN.550.420", 2013, "Fall", 04, 0.91, 3.40, 0.75, 3.00, "Quality" );
insert into AggregateInfo values ( "EN.550.420", 2014, "Fall", 04, 0.73, 3.27, 0.79, 3.00, "Quality" );
insert into AggregateInfo values ( "EN.550.420", 2015, "Fall", 04, 0.96, 3.14, 1.39, 4.00, "Quality" );
insert into AggregateInfo values ( "EN.550.420", 2016, "Fall", 04, 0.90, 3.86, 1.24, 4.00, "Quality" );
insert into AggregateInfo values ( "EN.550.436", 2011, "Fall", 01, 0.86, 3.58, 0.77, 4.00, "Quality" );
insert into AggregateInfo values ( "EN.550.436", 2012, "Fall", 01, 0.96, 3.91, 1.08, 4.00, "Quality" );
insert into AggregateInfo values ( "EN.550.436", 2013, "Fall", 01, 0.65, 4.33, 0.72, 4.00, "Quality" );
insert into AggregateInfo values ( "EN.550.436", 2014, "Fall", 01, 0.77, 3.93, 0.87, 4.00, "Quality" );
insert into AggregateInfo values ( "EN.550.436", 2015, "Fall", 01, 0.79, 3.87, 0.69, 4.00, "Quality" );
insert into AggregateInfo values ( "EN.550.436", 2016, "Fall", 01, 1.00, 4.05, 0.65, 4.00, "Quality" );
insert into AggregateInfo values ( "EN.550.436", 2017, "Spring", 01, 0.91, 4.05, 0.89, 4.00, "Quality" );
insert into AggregateInfo values ( "EN.550.436", 2012, "Fall", 02, 0.80, 3.50, 1.21, 4.00, "Quality" );
insert into AggregateInfo values ( "EN.550.436", 2013, "Fall", 02, 0.59, 3.80, 1.32, 4.00, "Quality" );
insert into AggregateInfo values ( "EN.550.436", 2014, "Fall", 02, 0.65, 3.20, 1.15, 3.00, "Quality" );
insert into AggregateInfo values ( "EN.550.436", 2015, "Fall", 02, 0.55, 4.17, 0.83, 4.00, "Quality" );
insert into AggregateInfo values ( "EN.550.436", 2016, "Fall", 02, 0.96, 4.29, 0.69, 4.00, "Quality" );
insert into AggregateInfo values ( "EN.550.436", 2017, "Spring", 02, 1.00, 4.17, 1.01, 4.00, "Quality" );
insert into AggregateInfo values ( "EN.550.436", 2016, "Fall", 04, 0.96, 4.39, 0.78, 5.00, "Quality" );
insert into AggregateInfo values ( "EN.580.421", 2011, "Fall", 03, 0.94, 4.00, 0.97, 4.00, "Quality" );
insert into AggregateInfo values ( "EN.580.421", 2011, "Fall", 04, 0.96, 3.96, 0.77, 4.00, "Quality" );
insert into AggregateInfo values ( "EN.580.423", 2011, "Fall", 04, 0.96, 4.00, 0.69, 4.00, "Quality" );
insert into AggregateInfo values ( "EN.580.429", 2011, "Fall", 02, 0.92, 4.27, 0.80, 4.00, "Quality" );
insert into AggregateInfo values ( "EN.600.120", 2011, "Fall", 01, 0.94, 4.44, 0.73, 5.00, "Quality" );
insert into AggregateInfo values ( "EN.600.120", 2012, "Fall", 01, 0.97, 4.24, 0.54, 4.00, "Quality" );
insert into AggregateInfo values ( "EN.600.120", 2013, "Fall", 01, 0.96, 4.42, 0.81, 5.00, "Quality" );
insert into AggregateInfo values ( "EN.600.120", 2012, "Spring", 01, 1.00, 4.47, 0.62, 5.00, "Quality" );
insert into AggregateInfo values ( "EN.600.120", 2013, "Spring", 01, 0.94, 3.74, 1.16, 4.00, "Quality" );
insert into AggregateInfo values ( "EN.600.120", 2014, "Spring", 01, 0.93, 4.28, 1.02, 5.00, "Quality" );
insert into AggregateInfo values ( "EN.600.120", 2011, "Fall", 02, 0.93, 4.43, 0.76, 5.00, "Quality" );
insert into AggregateInfo values ( "EN.600.120", 2012, "Fall", 02, 1.00, 4.69, 0.48, 5.00, "Quality" );
insert into AggregateInfo values ( "EN.600.120", 2013, "Fall", 02, 0.87, 4.56, 0.64, 5.00, "Quality" );
insert into AggregateInfo values ( "EN.600.120", 2012, "Spring", 02, 0.89, 4.50, 0.66, 5.00, "Quality" );
insert into AggregateInfo values ( "EN.600.120", 2011, "Fall", 03, 1.00, 4.70, 0.67, 5.00, "Quality" );
insert into AggregateInfo values ( "EN.600.120", 2011, "Fall", 04, 1.00, 4.73, 0.65, 5.00, "Quality" );
insert into AggregateInfo values ( "EN.600.315", 2012, "Fall", 01, 0.86, 2.72, 0.96, 2.50, "Quality" );
insert into AggregateInfo values ( "EN.600.315", 2015, "Fall", 01, 0.87, 3.03, 1.11, 3.00, "Quality" );
insert into AggregateInfo values ( "EN.600.315", 2016, "Fall", 01, 0.96, 2.77, 1.21, 3.00, "Quality" );
insert into AggregateInfo values ( "EN.600.321", 2011, "Fall", 01, 0.92, 4.09, 0.83, 4.00, "Quality" );
insert into AggregateInfo values ( "EN.600.321", 2012, "Fall", 01, 0.97, 4.07, 0.88, 4.00, "Quality" );
insert into AggregateInfo values ( "EN.600.321", 2013, "Fall", 01, 0.90, 4.26, 0.65, 4.00, "Quality" );
insert into AggregateInfo values ( "EN.600.321", 2014, "Fall", 01, 0.89, 4.06, 0.90, 4.00, "Quality" );
insert into AggregateInfo values ( "EN.600.415", 2011, "Fall", 01, 0.94, 3.82, 0.98, 4.00, "Quality" );
insert into AggregateInfo values ( "EN.600.415", 2013, "Fall", 01, 0.66, 3.63, 1.06, 4.00, "Quality" );
insert into AggregateInfo values ( "EN.600.415", 2014, "Fall", 01, 0.76, 3.55, 0.99, 4.00, "Quality" );
insert into AggregateInfo values ( "EN.600.415", 2015, "Fall", 01, 0.75, 2.79, 1.39, 3.00, "Quality" );
insert into AggregateInfo values ( "EN.600.415", 2016, "Fall", 01, 1.00, 3.80, 0.99, 4.00, "Quality" );
insert into AggregateInfo values ( "EN.600.421", 2011, "Fall", 01, 0.87, 4.31, 0.68, 4.00, "Quality" );
insert into AggregateInfo values ( "EN.600.421", 2012, "Fall", 01, 0.90, 4.36, 0.78, 4.50, "Quality" );
insert into AggregateInfo values ( "EN.600.421", 2013, "Fall", 01, 0.74, 4.32, 0.83, 4.00, "Quality" );
insert into AggregateInfo values ( "EN.600.421", 2014, "Fall", 01, 0.77, 4.31, 0.73, 4.00, "Quality" );
insert into AggregateInfo values ( "AS.030.212", 2017, "Spring", 01, 1.00, 4.67, 0.59, 5.00, "TeachingEffectiveness" );
insert into AggregateInfo values ( "AS.030.449", 2011, "Fall", 01, 1.00, 4.10, 0.83, 4.00, "TeachingEffectiveness" );
insert into AggregateInfo values ( "AS.100.103", 2011, "Fall", 01, 0.95, 3.56, 0.78, 4.00, "TeachingEffectiveness" );
insert into AggregateInfo values ( "AS.100.122", 2011, "Fall", 04, 0.89, 3.76, 1.03, 4.00, "TeachingEffectiveness" );
insert into AggregateInfo values ( "AS.171.101", 2011, "Fall", 01, 0.96, 3.91, 1.11, 4.00, "TeachingEffectiveness" );
insert into AggregateInfo values ( "AS.171.101", 2011, "Fall", 02, 1.00, 3.87, 1.06, 4.00, "TeachingEffectiveness" );
insert into AggregateInfo values ( "AS.171.101", 2011, "Fall", 04, 1.00, 3.52, 1.21, 4.00, "TeachingEffectiveness" );
insert into AggregateInfo values ( "AS.171.101", 2011, "Fall", 08, 1.00, 3.54, 1.02, 4.00, "TeachingEffectiveness" );
insert into AggregateInfo values ( "AS.171.101", 2011, "Fall", 10, 0.95, 3.80, 1.24, 4.00, "TeachingEffectiveness" );
insert into AggregateInfo values ( "AS.171.102", 2011, "Fall", 02, 1.00, 3.83, 0.92, 4.00, "TeachingEffectiveness" );
insert into AggregateInfo values ( "AS.171.103", 2011, "Fall", 02, 0.95, 4.32, 0.89, 5.00, "TeachingEffectiveness" );
insert into AggregateInfo values ( "AS.250.131", 2012, "Fall", 01, 1.00, 4.62, 0.59, 5.00, "TeachingEffectiveness" );
insert into AggregateInfo values ( "AS.250.205", 2013, "Fall", 01, 0.91, 3.52, 0.87, 4.00, "TeachingEffectiveness" );
insert into AggregateInfo values ( "AS.250.205", 2014, "Fall", 01, 0.97, 3.66, 1.08, 4.00, "TeachingEffectiveness" );
insert into AggregateInfo values ( "AS.250.205", 2015, "Fall", 01, 1.00, 3.72, 1.28, 4.00, "TeachingEffectiveness" );
insert into AggregateInfo values ( "AS.250.205", 2015, "Spring", 01, 0.96, 3.93, 0.78, 4.00, "TeachingEffectiveness" );
insert into AggregateInfo values ( "AS.250.205", 2014, "Fall", 02, 0.94, 3.72, 0.75, 4.00, "TeachingEffectiveness" );
insert into AggregateInfo values ( "AS.250.205", 2015, "Fall", 02, 0.94, 3.90, 1.12, 4.00, "TeachingEffectiveness" );
insert into AggregateInfo values ( "AS.250.205", 2015, "Fall", 04, 0.94, 3.83, 1.12, 4.00, "TeachingEffectiveness" );
insert into AggregateInfo values ( "AS.389.205", 2013, "Fall", 01, 0.92, 4.36, 0.92, 5.00, "TeachingEffectiveness" );
insert into AggregateInfo values ( "AS.389.205", 2012, "Spring", 01, 1.00, 4.71, 0.61, 5.00, "TeachingEffectiveness" );
insert into AggregateInfo values ( "AS.389.205", 2014, "Spring", 01, 0.92, 4.64, 0.50, 5.00, "TeachingEffectiveness" );
insert into AggregateInfo values ( "AS.389.205", 2016, "Spring", 01, 1.00, 4.73, 0.65, 5.00, "TeachingEffectiveness" );
insert into AggregateInfo values ( "EN.520.214", 2013, "Spring", 01, 0.96, 3.80, 0.96, 4.00, "TeachingEffectiveness" );
insert into AggregateInfo values ( "EN.520.214", 2014, "Spring", 01, 1.00, 3.71, 1.19, 4.00, "TeachingEffectiveness" );
insert into AggregateInfo values ( "EN.520.214", 2014, "Spring", 02, 0.96, 3.58, 1.10, 4.00, "TeachingEffectiveness" );
insert into AggregateInfo values ( "EN.550.420", 2013, "Fall", 01, 0.82, 3.36, 1.15, 3.00, "TeachingEffectiveness" );
insert into AggregateInfo values ( "EN.550.420", 2014, "Fall", 01, 0.91, 3.24, 1.26, 3.00, "TeachingEffectiveness" );
insert into AggregateInfo values ( "EN.550.420", 2016, "Fall", 01, 0.92, 3.22, 1.13, 3.00, "TeachingEffectiveness" );
insert into AggregateInfo values ( "EN.550.420", 2013, "Fall", 02, 0.96, 3.56, 1.42, 4.00, "TeachingEffectiveness" );
insert into AggregateInfo values ( "EN.550.420", 2014, "Fall", 02, 0.97, 3.29, 1.08, 3.00, "TeachingEffectiveness" );
insert into AggregateInfo values ( "EN.550.420", 2015, "Fall", 02, 1.00, 2.78, 1.35, 3.00, "TeachingEffectiveness" );
insert into AggregateInfo values ( "EN.550.420", 2016, "Fall", 02, 0.93, 3.56, 1.08, 4.00, "TeachingEffectiveness" );
insert into AggregateInfo values ( "EN.550.420", 2016, "Spring", 02, 0.92, 4.26, 0.54, 4.00, "TeachingEffectiveness" );
insert into AggregateInfo values ( "EN.550.420", 2017, "Spring", 02, 1.00, 4.29, 0.81, 4.00, "TeachingEffectiveness" );
insert into AggregateInfo values ( "EN.550.420", 2013, "Fall", 03, 0.95, 3.47, 1.17, 3.00, "TeachingEffectiveness" );
insert into AggregateInfo values ( "EN.550.420", 2014, "Fall", 03, 0.96, 3.36, 1.29, 3.50, "TeachingEffectiveness" );
insert into AggregateInfo values ( "EN.550.420", 2015, "Fall", 03, 0.92, 2.68, 1.55, 3.00, "TeachingEffectiveness" );
insert into AggregateInfo values ( "EN.550.420", 2016, "Fall", 03, 0.94, 3.48, 1.35, 4.00, "TeachingEffectiveness" );
insert into AggregateInfo values ( "EN.550.420", 2016, "Spring", 03, 0.95, 4.17, 0.79, 4.00, "TeachingEffectiveness" );
insert into AggregateInfo values ( "EN.550.420", 2013, "Fall", 04, 0.91, 2.75, 1.16, 3.00, "TeachingEffectiveness" );
insert into AggregateInfo values ( "EN.550.420", 2014, "Fall", 04, 0.73, 2.73, 1.01, 3.00, "TeachingEffectiveness" );
insert into AggregateInfo values ( "EN.550.420", 2015, "Fall", 04, 0.96, 3.09, 1.44, 4.00, "TeachingEffectiveness" );
insert into AggregateInfo values ( "EN.550.420", 2016, "Fall", 04, 0.90, 3.39, 1.20, 4.00, "TeachingEffectiveness" );
insert into AggregateInfo values ( "EN.550.436", 2011, "Fall", 01, 0.86, 3.37, 0.96, 4.00, "TeachingEffectiveness" );
insert into AggregateInfo values ( "EN.550.436", 2012, "Fall", 01, 0.96, 3.83, 1.07, 4.00, "TeachingEffectiveness" );
insert into AggregateInfo values ( "EN.550.436", 2013, "Fall", 01, 0.65, 4.00, 0.93, 4.00, "TeachingEffectiveness" );
insert into AggregateInfo values ( "EN.550.436", 2014, "Fall", 01, 0.77, 4.00, 0.88, 4.00, "TeachingEffectiveness" );
insert into AggregateInfo values ( "EN.550.436", 2015, "Fall", 01, 0.79, 3.78, 0.90, 4.00, "TeachingEffectiveness" );
insert into AggregateInfo values ( "EN.550.436", 2016, "Fall", 01, 1.00, 4.18, 0.66, 4.00, "TeachingEffectiveness" );
insert into AggregateInfo values ( "EN.550.436", 2017, "Spring", 01, 0.91, 3.45, 1.32, 4.00, "TeachingEffectiveness" );
insert into AggregateInfo values ( "EN.550.436", 2012, "Fall", 02, 0.80, 3.44, 1.15, 3.50, "TeachingEffectiveness" );
insert into AggregateInfo values ( "EN.550.436", 2013, "Fall", 02, 0.59, 3.20, 1.40, 4.00, "TeachingEffectiveness" );
insert into AggregateInfo values ( "EN.550.436", 2014, "Fall", 02, 0.65, 3.07, 1.16, 3.00, "TeachingEffectiveness" );
insert into AggregateInfo values ( "EN.550.436", 2015, "Fall", 02, 0.55, 3.75, 1.22, 4.00, "TeachingEffectiveness" );
insert into AggregateInfo values ( "EN.550.436", 2016, "Fall", 02, 0.96, 4.17, 0.92, 4.00, "TeachingEffectiveness" );
insert into AggregateInfo values ( "EN.550.436", 2017, "Spring", 02, 1.00, 4.17, 0.87, 4.00, "TeachingEffectiveness" );
insert into AggregateInfo values ( "EN.550.436", 2016, "Fall", 04, 0.92, 4.23, 0.81, 4.00, "TeachingEffectiveness" );
insert into AggregateInfo values ( "EN.580.421", 2011, "Fall", 03, 0.91, 3.70, 0.79, 4.00, "TeachingEffectiveness" );
insert into AggregateInfo values ( "EN.580.421", 2011, "Fall", 04, 0.96, 3.85, 0.88, 4.00, "TeachingEffectiveness" );
insert into AggregateInfo values ( "EN.580.423", 2011, "Fall", 04, 0.96, 3.96, 0.72, 4.00, "TeachingEffectiveness" );
insert into AggregateInfo values ( "EN.580.429", 2011, "Fall", 02, 0.92, 4.42, 0.75, 5.00, "TeachingEffectiveness" );
insert into AggregateInfo values ( "EN.600.120", 2011, "Fall", 01, 0.88, 4.07, 0.88, 4.00, "TeachingEffectiveness" );
insert into AggregateInfo values ( "EN.600.120", 2012, "Fall", 01, 0.97, 4.00, 0.70, 4.00, "TeachingEffectiveness" );
insert into AggregateInfo values ( "EN.600.120", 2013, "Fall", 01, 0.93, 4.16, 0.94, 4.00, "TeachingEffectiveness" );
insert into AggregateInfo values ( "EN.600.120", 2012, "Spring", 01, 1.00, 4.16, 0.72, 4.00, "TeachingEffectiveness" );
insert into AggregateInfo values ( "EN.600.120", 2013, "Spring", 01, 0.94, 3.37, 1.31, 3.00, "TeachingEffectiveness" );
insert into AggregateInfo values ( "EN.600.120", 2014, "Spring", 01, 0.93, 3.80, 1.00, 4.00, "TeachingEffectiveness" );
insert into AggregateInfo values ( "EN.600.120", 2011, "Fall", 02, 0.93, 3.93, 1.00, 4.00, "TeachingEffectiveness" );
insert into AggregateInfo values ( "EN.600.120", 2012, "Fall", 02, 0.92, 4.33, 0.89, 5.00, "TeachingEffectiveness" );
insert into AggregateInfo values ( "EN.600.120", 2013, "Fall", 02, 0.87, 4.26, 0.86, 4.00, "TeachingEffectiveness" );
insert into AggregateInfo values ( "EN.600.120", 2012, "Spring", 02, 0.89, 4.42, 0.72, 5.00, "TeachingEffectiveness" );
insert into AggregateInfo values ( "EN.600.120", 2011, "Fall", 03, 1.00, 4.30, 0.67, 4.00, "TeachingEffectiveness" );
insert into AggregateInfo values ( "EN.600.120", 2011, "Fall", 04, 1.00, 4.18, 0.87, 4.00, "TeachingEffectiveness" );
insert into AggregateInfo values ( "EN.600.315", 2012, "Fall", 01, 0.90, 2.58, 1.12, 2.00, "TeachingEffectiveness" );
insert into AggregateInfo values ( "EN.600.315", 2015, "Fall", 01, 0.85, 2.73, 1.13, 3.00, "TeachingEffectiveness" );
insert into AggregateInfo values ( "EN.600.315", 2016, "Fall", 01, 0.93, 2.72, 1.28, 3.00, "TeachingEffectiveness" );
insert into AggregateInfo values ( "EN.600.321", 2011, "Fall", 01, 0.92, 3.27, 1.27, 4.00, "TeachingEffectiveness" );
insert into AggregateInfo values ( "EN.600.321", 2012, "Fall", 01, 0.97, 3.76, 0.91, 4.00, "TeachingEffectiveness" );
insert into AggregateInfo values ( "EN.600.321", 2013, "Fall", 01, 0.81, 3.59, 0.94, 4.00, "TeachingEffectiveness" );
insert into AggregateInfo values ( "EN.600.321", 2014, "Fall", 01, 0.89, 4.06, 0.97, 4.00, "TeachingEffectiveness" );
insert into AggregateInfo values ( "EN.600.415", 2011, "Fall", 01, 0.94, 3.64, 1.03, 4.00, "TeachingEffectiveness" );
insert into AggregateInfo values ( "EN.600.415", 2013, "Fall", 01, 0.66, 3.21, 1.32, 3.00, "TeachingEffectiveness" );
insert into AggregateInfo values ( "EN.600.415", 2014, "Fall", 01, 0.76, 3.21, 1.24, 3.00, "TeachingEffectiveness" );
insert into AggregateInfo values ( "EN.600.415", 2015, "Fall", 01, 0.73, 2.56, 1.27, 2.50, "TeachingEffectiveness" );
insert into AggregateInfo values ( "EN.600.415", 2016, "Fall", 01, 1.00, 3.74, 0.82, 4.00, "TeachingEffectiveness" );
insert into AggregateInfo values ( "EN.600.421", 2011, "Fall", 01, 0.87, 3.88, 0.95, 4.00, "TeachingEffectiveness" );
insert into AggregateInfo values ( "EN.600.421", 2012, "Fall", 01, 0.90, 3.89, 0.83, 4.00, "TeachingEffectiveness" );
insert into AggregateInfo values ( "EN.600.421", 2013, "Fall", 01, 0.74, 4.00, 1.00, 4.00, "TeachingEffectiveness" );
insert into AggregateInfo values ( "EN.600.421", 2014, "Fall", 01, 0.75, 4.51, 0.76, 5.00, "TeachingEffectiveness" );
insert into AggregateInfo values ( "AS.030.212", 2017, "Spring", 01, 1.00, 4.78, 0.43, 5.00, "IntlChallenge" );
insert into AggregateInfo values ( "AS.030.449", 2011, "Fall", 01, 1.00, 4.33, 0.58, 4.00, "IntlChallenge" );
insert into AggregateInfo values ( "AS.100.103", 2011, "Fall", 01, 0.95, 3.83, 0.62, 4.00, "IntlChallenge" );
insert into AggregateInfo values ( "AS.100.122", 2011, "Fall", 04, 0.95, 3.78, 0.88, 4.00, "IntlChallenge" );
insert into AggregateInfo values ( "AS.171.101", 2011, "Fall", 01, 0.96, 4.27, 0.88, 4.50, "IntlChallenge" );
insert into AggregateInfo values ( "AS.171.101", 2011, "Fall", 02, 1.00, 4.35, 0.65, 4.00, "IntlChallenge" );
insert into AggregateInfo values ( "AS.171.101", 2011, "Fall", 04, 1.00, 4.24, 0.83, 4.00, "IntlChallenge" );
insert into AggregateInfo values ( "AS.171.101", 2011, "Fall", 08, 0.92, 4.36, 0.58, 4.00, "IntlChallenge" );
insert into AggregateInfo values ( "AS.171.101", 2011, "Fall", 10, 0.95, 4.10, 0.64, 4.00, "IntlChallenge" );
insert into AggregateInfo values ( "AS.171.102", 2011, "Fall", 02, 1.00, 4.56, 0.51, 5.00, "IntlChallenge" );
insert into AggregateInfo values ( "AS.171.103", 2011, "Fall", 02, 0.91, 4.50, 0.51, 4.50, "IntlChallenge" );
insert into AggregateInfo values ( "AS.250.131", 2012, "Fall", 01, 1.00, 3.55, 1.19, 4.00, "IntlChallenge" );
insert into AggregateInfo values ( "AS.250.205", 2013, "Fall", 01, 0.96, 3.95, 0.90, 4.00, "IntlChallenge" );
insert into AggregateInfo values ( "AS.250.205", 2014, "Fall", 01, 0.97, 4.14, 0.69, 4.00, "IntlChallenge" );
insert into AggregateInfo values ( "AS.250.205", 2015, "Fall", 01, 1.00, 3.83, 1.04, 4.00, "IntlChallenge" );
insert into AggregateInfo values ( "AS.250.205", 2015, "Spring", 01, 0.96, 4.30, 0.61, 4.00, "IntlChallenge" );
insert into AggregateInfo values ( "AS.250.205", 2014, "Fall", 02, 0.94, 3.66, 1.14, 4.00, "IntlChallenge" );
insert into AggregateInfo values ( "AS.250.205", 2015, "Fall", 02, 0.94, 3.60, 1.10, 4.00, "IntlChallenge" );
insert into AggregateInfo values ( "AS.250.205", 2015, "Fall", 04, 0.94, 3.73, 1.01, 4.00, "IntlChallenge" );
insert into AggregateInfo values ( "AS.389.205", 2013, "Fall", 01, 0.92, 4.45, 0.52, 4.00, "IntlChallenge" );
insert into AggregateInfo values ( "AS.389.205", 2012, "Spring", 01, 1.00, 4.29, 0.61, 4.00, "IntlChallenge" );
insert into AggregateInfo values ( "AS.389.205", 2014, "Spring", 01, 0.92, 4.18, 0.75, 4.00, "IntlChallenge" );
insert into AggregateInfo values ( "AS.389.205", 2016, "Spring", 01, 1.00, 4.55, 0.69, 5.00, "IntlChallenge" );
insert into AggregateInfo values ( "EN.520.214", 2013, "Spring", 01, 0.96, 4.24, 0.78, 4.00, "IntlChallenge" );
insert into AggregateInfo values ( "EN.520.214", 2014, "Spring", 01, 1.00, 4.24, 1.00, 4.00, "IntlChallenge" );
insert into AggregateInfo values ( "EN.520.214", 2014, "Spring", 02, 0.96, 4.17, 0.92, 4.00, "IntlChallenge" );
insert into AggregateInfo values ( "EN.550.420", 2013, "Fall", 01, 0.82, 4.36, 0.84, 5.00, "IntlChallenge" );
insert into AggregateInfo values ( "EN.550.420", 2014, "Fall", 01, 0.91, 4.10, 1.00, 4.00, "IntlChallenge" );
insert into AggregateInfo values ( "EN.550.420", 2016, "Fall", 01, 0.92, 4.43, 0.79, 5.00, "IntlChallenge" );
insert into AggregateInfo values ( "EN.550.420", 2013, "Fall", 02, 0.96, 4.28, 0.89, 5.00, "IntlChallenge" );
insert into AggregateInfo values ( "EN.550.420", 2014, "Fall", 02, 0.93, 4.26, 0.71, 4.00, "IntlChallenge" );
insert into AggregateInfo values ( "EN.550.420", 2015, "Fall", 02, 0.96, 4.33, 1.20, 5.00, "IntlChallenge" );
insert into AggregateInfo values ( "EN.550.420", 2016, "Fall", 02, 0.96, 4.62, 0.57, 5.00, "IntlChallenge" );
insert into AggregateInfo values ( "EN.550.420", 2016, "Spring", 02, 0.92, 4.52, 0.59, 5.00, "IntlChallenge" );
insert into AggregateInfo values ( "EN.550.420", 2017, "Spring", 02, 1.00, 4.38, 0.77, 4.50, "IntlChallenge" );
insert into AggregateInfo values ( "EN.550.420", 2013, "Fall", 03, 0.95, 4.40, 0.68, 4.50, "IntlChallenge" );
insert into AggregateInfo values ( "EN.550.420", 2014, "Fall", 03, 0.92, 4.55, 0.74, 5.00, "IntlChallenge" );
insert into AggregateInfo values ( "EN.550.420", 2015, "Fall", 03, 0.92, 4.05, 1.36, 5.00, "IntlChallenge" );
insert into AggregateInfo values ( "EN.550.420", 2016, "Fall", 03, 0.94, 4.52, 0.83, 5.00, "IntlChallenge" );
insert into AggregateInfo values ( "EN.550.420", 2016, "Spring", 03, 0.89, 4.53, 0.72, 5.00, "IntlChallenge" );
insert into AggregateInfo values ( "EN.550.420", 2013, "Fall", 04, 0.91, 3.95, 0.76, 4.00, "IntlChallenge" );
insert into AggregateInfo values ( "EN.550.420", 2014, "Fall", 04, 0.67, 4.40, 0.70, 4.50, "IntlChallenge" );
insert into AggregateInfo values ( "EN.550.420", 2015, "Fall", 04, 0.96, 3.73, 1.24, 4.00, "IntlChallenge" );
insert into AggregateInfo values ( "EN.550.420", 2016, "Fall", 04, 0.90, 4.75, 0.52, 5.00, "IntlChallenge" );
insert into AggregateInfo values ( "EN.550.436", 2011, "Fall", 01, 0.86, 4.05, 0.52, 4.00, "IntlChallenge" );
insert into AggregateInfo values ( "EN.550.436", 2012, "Fall", 01, 0.92, 4.09, 0.92, 4.00, "IntlChallenge" );
insert into AggregateInfo values ( "EN.550.436", 2013, "Fall", 01, 0.65, 4.00, 0.65, 4.00, "IntlChallenge" );
insert into AggregateInfo values ( "EN.550.436", 2014, "Fall", 01, 0.74, 4.04, 0.53, 4.00, "IntlChallenge" );
insert into AggregateInfo values ( "EN.550.436", 2015, "Fall", 01, 0.76, 3.95, 0.95, 4.00, "IntlChallenge" );
insert into AggregateInfo values ( "EN.550.436", 2016, "Fall", 01, 1.00, 4.09, 0.75, 4.00, "IntlChallenge" );
insert into AggregateInfo values ( "EN.550.436", 2017, "Spring", 01, 0.91, 3.95, 0.76, 4.00, "IntlChallenge" );
insert into AggregateInfo values ( "EN.550.436", 2012, "Fall", 02, 0.80, 3.81, 1.05, 4.00, "IntlChallenge" );
insert into AggregateInfo values ( "EN.550.436", 2013, "Fall", 02, 0.59, 4.20, 0.79, 4.00, "IntlChallenge" );
insert into AggregateInfo values ( "EN.550.436", 2014, "Fall", 02, 0.65, 3.93, 1.16, 4.00, "IntlChallenge" );
insert into AggregateInfo values ( "EN.550.436", 2015, "Fall", 02, 0.55, 3.83, 0.83, 4.00, "IntlChallenge" );
insert into AggregateInfo values ( "EN.550.436", 2016, "Fall", 02, 0.96, 4.08, 0.78, 4.00, "IntlChallenge" );
insert into AggregateInfo values ( "EN.550.436", 2017, "Spring", 02, 1.00, 3.92, 1.10, 4.00, "IntlChallenge" );
insert into AggregateInfo values ( "EN.550.436", 2016, "Fall", 04, 0.96, 4.26, 0.69, 4.00, "IntlChallenge" );
insert into AggregateInfo values ( "EN.580.421", 2011, "Fall", 03, 0.94, 4.52, 0.72, 5.00, "IntlChallenge" );
insert into AggregateInfo values ( "EN.580.421", 2011, "Fall", 04, 0.93, 4.48, 0.77, 5.00, "IntlChallenge" );
insert into AggregateInfo values ( "EN.580.423", 2011, "Fall", 04, 0.96, 4.12, 0.82, 4.00, "IntlChallenge" );
insert into AggregateInfo values ( "EN.580.429", 2011, "Fall", 02, 0.92, 4.18, 0.77, 4.00, "IntlChallenge" );
insert into AggregateInfo values ( "EN.600.120", 2011, "Fall", 01, 0.94, 4.38, 0.72, 4.50, "IntlChallenge" );
insert into AggregateInfo values ( "EN.600.120", 2012, "Fall", 01, 0.97, 4.55, 0.55, 5.00, "IntlChallenge" );
insert into AggregateInfo values ( "EN.600.120", 2013, "Fall", 01, 0.93, 4.56, 0.87, 5.00, "IntlChallenge" );
insert into AggregateInfo values ( "EN.600.120", 2012, "Spring", 01, 1.00, 4.69, 0.54, 5.00, "IntlChallenge" );
insert into AggregateInfo values ( "EN.600.120", 2013, "Spring", 01, 0.92, 4.53, 0.65, 5.00, "IntlChallenge" );
insert into AggregateInfo values ( "EN.600.120", 2014, "Spring", 01, 0.93, 4.68, 0.75, 5.00, "IntlChallenge" );
insert into AggregateInfo values ( "EN.600.120", 2011, "Fall", 02, 0.93, 4.64, 0.63, 5.00, "IntlChallenge" );
insert into AggregateInfo values ( "EN.600.120", 2012, "Fall", 02, 1.00, 4.85, 0.38, 5.00, "IntlChallenge" );
insert into AggregateInfo values ( "EN.600.120", 2013, "Fall", 02, 0.87, 4.63, 0.49, 5.00, "IntlChallenge" );
insert into AggregateInfo values ( "EN.600.120", 2012, "Spring", 02, 0.89, 4.63, 0.49, 5.00, "IntlChallenge" );
insert into AggregateInfo values ( "EN.600.120", 2011, "Fall", 03, 1.00, 4.60, 0.52, 5.00, "IntlChallenge" );
insert into AggregateInfo values ( "EN.600.120", 2011, "Fall", 04, 1.00, 4.55, 1.21, 5.00, "IntlChallenge" );
insert into AggregateInfo values ( "EN.600.315", 2012, "Fall", 01, 0.86, 3.50, 0.92, 4.00, "IntlChallenge" );
insert into AggregateInfo values ( "EN.600.315", 2015, "Fall", 01, 0.85, 3.88, 0.70, 4.00, "IntlChallenge" );
insert into AggregateInfo values ( "EN.600.315", 2016, "Fall", 01, 0.93, 3.36, 0.99, 3.00, "IntlChallenge" );
insert into AggregateInfo values ( "EN.600.321", 2011, "Fall", 01, 0.92, 4.00, 0.77, 4.00, "IntlChallenge" );
insert into AggregateInfo values ( "EN.600.321", 2012, "Fall", 01, 0.97, 4.03, 0.91, 4.00, "IntlChallenge" );
insert into AggregateInfo values ( "EN.600.321", 2013, "Fall", 01, 0.90, 4.11, 0.88, 4.00, "IntlChallenge" );
insert into AggregateInfo values ( "EN.600.321", 2014, "Fall", 01, 0.89, 3.88, 0.89, 4.00, "IntlChallenge" );
insert into AggregateInfo values ( "EN.600.415", 2011, "Fall", 01, 0.90, 3.78, 0.89, 4.00, "IntlChallenge" );
insert into AggregateInfo values ( "EN.600.415", 2013, "Fall", 01, 0.66, 4.00, 0.98, 4.00, "IntlChallenge" );
insert into AggregateInfo values ( "EN.600.415", 2014, "Fall", 01, 0.76, 3.72, 0.70, 4.00, "IntlChallenge" );
insert into AggregateInfo values ( "EN.600.415", 2015, "Fall", 01, 0.73, 3.47, 0.92, 4.00, "IntlChallenge" );
insert into AggregateInfo values ( "EN.600.415", 2016, "Fall", 01, 0.97, 4.00, 0.74, 4.00, "IntlChallenge" );
insert into AggregateInfo values ( "EN.600.421", 2011, "Fall", 01, 0.90, 4.30, 0.72, 4.00, "IntlChallenge" );
insert into AggregateInfo values ( "EN.600.421", 2012, "Fall", 01, 0.90, 4.11, 0.83, 4.00, "IntlChallenge" );
insert into AggregateInfo values ( "EN.600.421", 2013, "Fall", 01, 0.74, 4.26, 0.93, 5.00, "IntlChallenge" );
insert into AggregateInfo values ( "EN.600.421", 2014, "Fall", 01, 0.77, 4.11, 0.74, 4.00, "IntlChallenge" );
insert into AggregateInfo values ( "AS.030.212", 2017, "Spring", 01, 1.00, 4.78, 0.43, 5.00, "Feedback" );
insert into AggregateInfo values ( "AS.030.449", 2011, "Fall", 01, 1.00, 4.05, 0.67, 4.00, "Feedback" );
insert into AggregateInfo values ( "AS.100.103", 2011, "Fall", 01, 0.95, 4.00, 0.77, 4.00, "Feedback" );
insert into AggregateInfo values ( "AS.100.122", 2011, "Fall", 04, 0.95, 3.83, 0.99, 4.00, "Feedback" );
insert into AggregateInfo values ( "AS.171.101", 2011, "Fall", 01, 0.96, 4.00, 0.98, 4.00, "Feedback" );
insert into AggregateInfo values ( "AS.171.101", 2011, "Fall", 02, 1.00, 4.04, 0.64, 4.00, "Feedback" );
insert into AggregateInfo values ( "AS.171.101", 2011, "Fall", 04, 0.95, 3.65, 1.18, 4.00, "Feedback" );
insert into AggregateInfo values ( "AS.171.101", 2011, "Fall", 08, 1.00, 3.63, 0.88, 4.00, "Feedback" );
insert into AggregateInfo values ( "AS.171.101", 2011, "Fall", 10, 0.95, 4.05, 0.83, 4.00, "Feedback" );
insert into AggregateInfo values ( "AS.171.102", 2011, "Fall", 02, 1.00, 3.72, 0.84, 4.00, "Feedback" );
insert into AggregateInfo values ( "AS.171.103", 2011, "Fall", 02, 0.95, 3.76, 0.62, 4.00, "Feedback" );
insert into AggregateInfo values ( "AS.250.131", 2012, "Fall", 01, 1.00, 4.48, 0.81, 5.00, "Feedback" );
insert into AggregateInfo values ( "AS.250.205", 2013, "Fall", 01, 0.96, 4.00, 0.82, 4.00, "Feedback" );
insert into AggregateInfo values ( "AS.250.205", 2014, "Fall", 01, 0.97, 4.10, 1.01, 4.00, "Feedback" );
insert into AggregateInfo values ( "AS.250.205", 2015, "Fall", 01, 0.97, 4.00, 1.12, 4.00, "Feedback" );
insert into AggregateInfo values ( "AS.250.205", 2015, "Spring", 01, 0.96, 4.19, 0.74, 4.00, "Feedback" );
insert into AggregateInfo values ( "AS.250.205", 2014, "Fall", 02, 0.94, 3.72, 1.10, 4.00, "Feedback" );
insert into AggregateInfo values ( "AS.250.205", 2015, "Fall", 02, 0.94, 4.03, 0.85, 4.00, "Feedback" );
insert into AggregateInfo values ( "AS.250.205", 2015, "Fall", 04, 0.97, 4.03, 1.05, 4.00, "Feedback" );
insert into AggregateInfo values ( "AS.389.205", 2013, "Fall", 01, 0.92, 4.45, 0.69, 5.00, "Feedback" );
insert into AggregateInfo values ( "AS.389.205", 2012, "Spring", 01, 1.00, 4.71, 0.61, 5.00, "Feedback" );
insert into AggregateInfo values ( "AS.389.205", 2014, "Spring", 01, 0.92, 4.55, 0.52, 5.00, "Feedback" );
insert into AggregateInfo values ( "AS.389.205", 2016, "Spring", 01, 1.00, 4.55, 0.52, 5.00, "Feedback" );
insert into AggregateInfo values ( "EN.520.214", 2013, "Spring", 01, 0.96, 3.72, 0.74, 4.00, "Feedback" );
insert into AggregateInfo values ( "EN.520.214", 2014, "Spring", 01, 1.00, 3.71, 1.06, 4.00, "Feedback" );
insert into AggregateInfo values ( "EN.520.214", 2014, "Spring", 02, 0.96, 3.50, 1.06, 4.00, "Feedback" );
insert into AggregateInfo values ( "EN.550.420", 2013, "Fall", 01, 0.82, 3.69, 0.63, 4.00, "Feedback" );
insert into AggregateInfo values ( "EN.550.420", 2014, "Fall", 01, 0.91, 3.48, 1.12, 4.00, "Feedback" );
insert into AggregateInfo values ( "EN.550.420", 2016, "Fall", 01, 0.92, 3.48, 1.12, 4.00, "Feedback" );
insert into AggregateInfo values ( "EN.550.420", 2013, "Fall", 02, 0.96, 3.92, 1.19, 4.00, "Feedback" );
insert into AggregateInfo values ( "EN.550.420", 2014, "Fall", 02, 0.97, 3.71, 0.90, 4.00, "Feedback" );
insert into AggregateInfo values ( "EN.550.420", 2015, "Fall", 02, 0.96, 2.95, 1.29, 3.00, "Feedback" );
insert into AggregateInfo values ( "EN.550.420", 2016, "Fall", 02, 0.96, 3.92, 0.98, 4.00, "Feedback" );
insert into AggregateInfo values ( "EN.550.420", 2016, "Spring", 02, 0.92, 4.35, 0.57, 4.00, "Feedback" );
insert into AggregateInfo values ( "EN.550.420", 2017, "Spring", 02, 1.00, 4.13, 0.90, 4.00, "Feedback" );
insert into AggregateInfo values ( "EN.550.420", 2013, "Fall", 03, 0.95, 4.05, 0.69, 4.00, "Feedback" );
insert into AggregateInfo values ( "EN.550.420", 2014, "Fall", 03, 0.96, 3.65, 1.15, 4.00, "Feedback" );
insert into AggregateInfo values ( "EN.550.420", 2015, "Fall", 03, 0.92, 2.77, 1.15, 3.00, "Feedback" );
insert into AggregateInfo values ( "EN.550.420", 2016, "Fall", 03, 0.94, 3.97, 1.05, 4.00, "Feedback" );
insert into AggregateInfo values ( "EN.550.420", 2016, "Spring", 03, 0.95, 3.89, 0.83, 4.00, "Feedback" );
insert into AggregateInfo values ( "EN.550.420", 2013, "Fall", 04, 0.91, 3.40, 0.75, 3.00, "Feedback" );
insert into AggregateInfo values ( "EN.550.420", 2014, "Fall", 04, 0.73, 3.27, 0.79, 3.00, "Feedback" );
insert into AggregateInfo values ( "EN.550.420", 2015, "Fall", 04, 0.96, 3.14, 1.39, 4.00, "Feedback" );
insert into AggregateInfo values ( "EN.550.420", 2016, "Fall", 04, 0.90, 3.86, 1.24, 4.00, "Feedback" );
insert into AggregateInfo values ( "EN.550.436", 2011, "Fall", 01, 0.86, 3.58, 0.77, 4.00, "Feedback" );
insert into AggregateInfo values ( "EN.550.436", 2012, "Fall", 01, 0.96, 3.91, 1.08, 4.00, "Feedback" );
insert into AggregateInfo values ( "EN.550.436", 2013, "Fall", 01, 0.65, 4.33, 0.72, 4.00, "Feedback" );
insert into AggregateInfo values ( "EN.550.436", 2014, "Fall", 01, 0.77, 3.93, 0.87, 4.00, "Feedback" );
insert into AggregateInfo values ( "EN.550.436", 2015, "Fall", 01, 0.79, 3.87, 0.69, 4.00, "Feedback" );
insert into AggregateInfo values ( "EN.550.436", 2016, "Fall", 01, 1.00, 4.05, 0.65, 4.00, "Feedback" );
insert into AggregateInfo values ( "EN.550.436", 2017, "Spring", 01, 0.91, 4.05, 0.89, 4.00, "Feedback" );
insert into AggregateInfo values ( "EN.550.436", 2012, "Fall", 02, 0.80, 3.50, 1.21, 4.00, "Feedback" );
insert into AggregateInfo values ( "EN.550.436", 2013, "Fall", 02, 0.59, 3.80, 1.32, 4.00, "Feedback" );
insert into AggregateInfo values ( "EN.550.436", 2014, "Fall", 02, 0.65, 3.20, 1.15, 3.00, "Feedback" );
insert into AggregateInfo values ( "EN.550.436", 2015, "Fall", 02, 0.55, 4.17, 0.83, 4.00, "Feedback" );
insert into AggregateInfo values ( "EN.550.436", 2016, "Fall", 02, 0.96, 4.29, 0.69, 4.00, "Feedback" );
insert into AggregateInfo values ( "EN.550.436", 2017, "Spring", 02, 1.00, 4.17, 1.01, 4.00, "Feedback" );
insert into AggregateInfo values ( "EN.550.436", 2016, "Fall", 04, 0.96, 4.39, 0.78, 5.00, "Feedback" );
insert into AggregateInfo values ( "EN.580.421", 2011, "Fall", 03, 0.94, 4.00, 0.97, 4.00, "Feedback" );
insert into AggregateInfo values ( "EN.580.421", 2011, "Fall", 04, 0.96, 3.96, 0.77, 4.00, "Feedback" );
insert into AggregateInfo values ( "EN.580.423", 2011, "Fall", 04, 0.96, 4.00, 0.69, 4.00, "Feedback" );
insert into AggregateInfo values ( "EN.580.429", 2011, "Fall", 02, 0.92, 4.27, 0.80, 4.00, "Feedback" );
insert into AggregateInfo values ( "EN.600.120", 2011, "Fall", 01, 0.94, 4.44, 0.73, 5.00, "Feedback" );
insert into AggregateInfo values ( "EN.600.120", 2012, "Fall", 01, 0.97, 4.24, 0.54, 4.00, "Feedback" );
insert into AggregateInfo values ( "EN.600.120", 2013, "Fall", 01, 0.96, 4.42, 0.81, 5.00, "Feedback" );
insert into AggregateInfo values ( "EN.600.120", 2012, "Spring", 01, 1.00, 4.47, 0.62, 5.00, "Feedback" );
insert into AggregateInfo values ( "EN.600.120", 2013, "Spring", 01, 0.94, 3.74, 1.16, 4.00, "Feedback" );
insert into AggregateInfo values ( "EN.600.120", 2014, "Spring", 01, 0.93, 4.28, 1.02, 5.00, "Feedback" );
insert into AggregateInfo values ( "EN.600.120", 2011, "Fall", 02, 0.93, 4.43, 0.76, 5.00, "Feedback" );
insert into AggregateInfo values ( "EN.600.120", 2012, "Fall", 02, 1.00, 4.69, 0.48, 5.00, "Feedback" );
insert into AggregateInfo values ( "EN.600.120", 2013, "Fall", 02, 0.87, 4.56, 0.64, 5.00, "Feedback" );
insert into AggregateInfo values ( "EN.600.120", 2012, "Spring", 02, 0.89, 4.50, 0.66, 5.00, "Feedback" );
insert into AggregateInfo values ( "EN.600.120", 2011, "Fall", 03, 1.00, 4.70, 0.67, 5.00, "Feedback" );
insert into AggregateInfo values ( "EN.600.120", 2011, "Fall", 04, 1.00, 4.73, 0.65, 5.00, "Feedback" );
insert into AggregateInfo values ( "EN.600.315", 2012, "Fall", 01, 0.86, 2.72, 0.96, 2.50, "Feedback" );
insert into AggregateInfo values ( "EN.600.315", 2015, "Fall", 01, 0.87, 3.03, 1.11, 3.00, "Feedback" );
insert into AggregateInfo values ( "EN.600.315", 2016, "Fall", 01, 0.96, 2.77, 1.21, 3.00, "Feedback" );
insert into AggregateInfo values ( "EN.600.321", 2011, "Fall", 01, 0.92, 4.09, 0.83, 4.00, "Feedback" );
insert into AggregateInfo values ( "EN.600.321", 2012, "Fall", 01, 0.97, 4.07, 0.88, 4.00, "Feedback" );
insert into AggregateInfo values ( "EN.600.321", 2013, "Fall", 01, 0.90, 4.26, 0.65, 4.00, "Feedback" );
insert into AggregateInfo values ( "EN.600.321", 2014, "Fall", 01, 0.89, 4.06, 0.90, 4.00, "Feedback" );
insert into AggregateInfo values ( "EN.600.415", 2011, "Fall", 01, 0.94, 3.82, 0.98, 4.00, "Feedback" );
insert into AggregateInfo values ( "EN.600.415", 2013, "Fall", 01, 0.66, 3.63, 1.06, 4.00, "Feedback" );
insert into AggregateInfo values ( "EN.600.415", 2014, "Fall", 01, 0.76, 3.55, 0.99, 4.00, "Feedback" );
insert into AggregateInfo values ( "EN.600.415", 2015, "Fall", 01, 0.75, 2.79, 1.39, 3.00, "Feedback" );
insert into AggregateInfo values ( "EN.600.415", 2016, "Fall", 01, 1.00, 3.80, 0.99, 4.00, "Feedback" );
insert into AggregateInfo values ( "EN.600.421", 2011, "Fall", 01, 0.87, 4.31, 0.68, 4.00, "Feedback" );
insert into AggregateInfo values ( "EN.600.421", 2012, "Fall", 01, 0.90, 4.36, 0.78, 4.50, "Feedback" );
insert into AggregateInfo values ( "EN.600.421", 2013, "Fall", 01, 0.74, 4.32, 0.83, 4.00, "Feedback" );
insert into AggregateInfo values ( "EN.600.421", 2014, "Fall", 01, 0.77, 4.31, 0.73, 4.00, "Feedback" );
insert into AggregateInfo values ( "AS.030.212", 2017, "Spring", 01, 1.00, 4.67, 0.59, 5.00, "Workload" );
insert into AggregateInfo values ( "AS.030.449", 2011, "Fall", 01, 1.00, 4.10, 0.83, 4.00, "Workload" );
insert into AggregateInfo values ( "AS.100.103", 2011, "Fall", 01, 0.95, 3.56, 0.78, 4.00, "Workload" );
insert into AggregateInfo values ( "AS.100.122", 2011, "Fall", 04, 0.89, 3.76, 1.03, 4.00, "Workload" );
insert into AggregateInfo values ( "AS.171.101", 2011, "Fall", 01, 0.96, 3.91, 1.11, 4.00, "Workload" );
insert into AggregateInfo values ( "AS.171.101", 2011, "Fall", 02, 1.00, 3.87, 1.06, 4.00, "Workload" );
insert into AggregateInfo values ( "AS.171.101", 2011, "Fall", 04, 1.00, 3.52, 1.21, 4.00, "Workload" );
insert into AggregateInfo values ( "AS.171.101", 2011, "Fall", 08, 1.00, 3.54, 1.02, 4.00, "Workload" );
insert into AggregateInfo values ( "AS.171.101", 2011, "Fall", 10, 0.95, 3.80, 1.24, 4.00, "Workload" );
insert into AggregateInfo values ( "AS.171.102", 2011, "Fall", 02, 1.00, 3.83, 0.92, 4.00, "Workload" );
insert into AggregateInfo values ( "AS.171.103", 2011, "Fall", 02, 0.95, 4.32, 0.89, 5.00, "Workload" );
insert into AggregateInfo values ( "AS.250.131", 2012, "Fall", 01, 1.00, 4.62, 0.59, 5.00, "Workload" );
insert into AggregateInfo values ( "AS.250.205", 2013, "Fall", 01, 0.91, 3.52, 0.87, 4.00, "Workload" );
insert into AggregateInfo values ( "AS.250.205", 2014, "Fall", 01, 0.97, 3.66, 1.08, 4.00, "Workload" );
insert into AggregateInfo values ( "AS.250.205", 2015, "Fall", 01, 1.00, 3.72, 1.28, 4.00, "Workload" );
insert into AggregateInfo values ( "AS.250.205", 2015, "Spring", 01, 0.96, 3.93, 0.78, 4.00, "Workload" );
insert into AggregateInfo values ( "AS.250.205", 2014, "Fall", 02, 0.94, 3.72, 0.75, 4.00, "Workload" );
insert into AggregateInfo values ( "AS.250.205", 2015, "Fall", 02, 0.94, 3.90, 1.12, 4.00, "Workload" );
insert into AggregateInfo values ( "AS.250.205", 2015, "Fall", 04, 0.94, 3.83, 1.12, 4.00, "Workload" );
insert into AggregateInfo values ( "AS.389.205", 2013, "Fall", 01, 0.92, 4.36, 0.92, 5.00, "Workload" );
insert into AggregateInfo values ( "AS.389.205", 2012, "Spring", 01, 1.00, 4.71, 0.61, 5.00, "Workload" );
insert into AggregateInfo values ( "AS.389.205", 2014, "Spring", 01, 0.92, 4.64, 0.50, 5.00, "Workload" );
insert into AggregateInfo values ( "AS.389.205", 2016, "Spring", 01, 1.00, 4.73, 0.65, 5.00, "Workload" );
insert into AggregateInfo values ( "EN.520.214", 2013, "Spring", 01, 0.96, 3.80, 0.96, 4.00, "Workload" );
insert into AggregateInfo values ( "EN.520.214", 2014, "Spring", 01, 1.00, 3.71, 1.19, 4.00, "Workload" );
insert into AggregateInfo values ( "EN.520.214", 2014, "Spring", 02, 0.96, 3.58, 1.10, 4.00, "Workload" );
insert into AggregateInfo values ( "EN.550.420", 2013, "Fall", 01, 0.82, 3.36, 1.15, 3.00, "Workload" );
insert into AggregateInfo values ( "EN.550.420", 2014, "Fall", 01, 0.91, 3.24, 1.26, 3.00, "Workload" );
insert into AggregateInfo values ( "EN.550.420", 2016, "Fall", 01, 0.92, 3.22, 1.13, 3.00, "Workload" );
insert into AggregateInfo values ( "EN.550.420", 2013, "Fall", 02, 0.96, 3.56, 1.42, 4.00, "Workload" );
insert into AggregateInfo values ( "EN.550.420", 2014, "Fall", 02, 0.97, 3.29, 1.08, 3.00, "Workload" );
insert into AggregateInfo values ( "EN.550.420", 2015, "Fall", 02, 1.00, 2.78, 1.35, 3.00, "Workload" );
insert into AggregateInfo values ( "EN.550.420", 2016, "Fall", 02, 0.93, 3.56, 1.08, 4.00, "Workload" );
insert into AggregateInfo values ( "EN.550.420", 2016, "Spring", 02, 0.92, 4.26, 0.54, 4.00, "Workload" );
insert into AggregateInfo values ( "EN.550.420", 2017, "Spring", 02, 1.00, 4.29, 0.81, 4.00, "Workload" );
insert into AggregateInfo values ( "EN.550.420", 2013, "Fall", 03, 0.95, 3.47, 1.17, 3.00, "Workload" );
insert into AggregateInfo values ( "EN.550.420", 2014, "Fall", 03, 0.96, 3.36, 1.29, 3.50, "Workload" );
insert into AggregateInfo values ( "EN.550.420", 2015, "Fall", 03, 0.92, 2.68, 1.55, 3.00, "Workload" );
insert into AggregateInfo values ( "EN.550.420", 2016, "Fall", 03, 0.94, 3.48, 1.35, 4.00, "Workload" );
insert into AggregateInfo values ( "EN.550.420", 2016, "Spring", 03, 0.95, 4.17, 0.79, 4.00, "Workload" );
insert into AggregateInfo values ( "EN.550.420", 2013, "Fall", 04, 0.91, 2.75, 1.16, 3.00, "Workload" );
insert into AggregateInfo values ( "EN.550.420", 2014, "Fall", 04, 0.73, 2.73, 1.01, 3.00, "Workload" );
insert into AggregateInfo values ( "EN.550.420", 2015, "Fall", 04, 0.96, 3.09, 1.44, 4.00, "Workload" );
insert into AggregateInfo values ( "EN.550.420", 2016, "Fall", 04, 0.90, 3.39, 1.20, 4.00, "Workload" );
insert into AggregateInfo values ( "EN.550.436", 2011, "Fall", 01, 0.86, 3.37, 0.96, 4.00, "Workload" );
insert into AggregateInfo values ( "EN.550.436", 2012, "Fall", 01, 0.96, 3.83, 1.07, 4.00, "Workload" );
insert into AggregateInfo values ( "EN.550.436", 2013, "Fall", 01, 0.65, 4.00, 0.93, 4.00, "Workload" );
insert into AggregateInfo values ( "EN.550.436", 2014, "Fall", 01, 0.77, 4.00, 0.88, 4.00, "Workload" );
insert into AggregateInfo values ( "EN.550.436", 2015, "Fall", 01, 0.79, 3.78, 0.90, 4.00, "Workload" );
insert into AggregateInfo values ( "EN.550.436", 2016, "Fall", 01, 1.00, 4.18, 0.66, 4.00, "Workload" );
insert into AggregateInfo values ( "EN.550.436", 2017, "Spring", 01, 0.91, 3.45, 1.32, 4.00, "Workload" );
insert into AggregateInfo values ( "EN.550.436", 2012, "Fall", 02, 0.80, 3.44, 1.15, 3.50, "Workload" );
insert into AggregateInfo values ( "EN.550.436", 2013, "Fall", 02, 0.59, 3.20, 1.40, 4.00, "Workload" );
insert into AggregateInfo values ( "EN.550.436", 2014, "Fall", 02, 0.65, 3.07, 1.16, 3.00, "Workload" );
insert into AggregateInfo values ( "EN.550.436", 2015, "Fall", 02, 0.55, 3.75, 1.22, 4.00, "Workload" );
insert into AggregateInfo values ( "EN.550.436", 2016, "Fall", 02, 0.96, 4.17, 0.92, 4.00, "Workload" );
insert into AggregateInfo values ( "EN.550.436", 2017, "Spring", 02, 1.00, 4.17, 0.87, 4.00, "Workload" );
insert into AggregateInfo values ( "EN.550.436", 2016, "Fall", 04, 0.92, 4.23, 0.81, 4.00, "Workload" );
insert into AggregateInfo values ( "EN.580.421", 2011, "Fall", 03, 0.91, 3.70, 0.79, 4.00, "Workload" );
insert into AggregateInfo values ( "EN.580.421", 2011, "Fall", 04, 0.96, 3.85, 0.88, 4.00, "Workload" );
insert into AggregateInfo values ( "EN.580.423", 2011, "Fall", 04, 0.96, 3.96, 0.72, 4.00, "Workload" );
insert into AggregateInfo values ( "EN.580.429", 2011, "Fall", 02, 0.92, 4.42, 0.75, 5.00, "Workload" );
insert into AggregateInfo values ( "EN.600.120", 2011, "Fall", 01, 0.88, 4.07, 0.88, 4.00, "Workload" );
insert into AggregateInfo values ( "EN.600.120", 2012, "Fall", 01, 0.97, 4.00, 0.70, 4.00, "Workload" );
insert into AggregateInfo values ( "EN.600.120", 2013, "Fall", 01, 0.93, 4.16, 0.94, 4.00, "Workload" );
insert into AggregateInfo values ( "EN.600.120", 2012, "Spring", 01, 1.00, 4.16, 0.72, 4.00, "Workload" );
insert into AggregateInfo values ( "EN.600.120", 2013, "Spring", 01, 0.94, 3.37, 1.31, 3.00, "Workload" );
insert into AggregateInfo values ( "EN.600.120", 2014, "Spring", 01, 0.93, 3.80, 1.00, 4.00, "Workload" );
insert into AggregateInfo values ( "EN.600.120", 2011, "Fall", 02, 0.93, 3.93, 1.00, 4.00, "Workload" );
insert into AggregateInfo values ( "EN.600.120", 2012, "Fall", 02, 0.92, 4.33, 0.89, 5.00, "Workload" );
insert into AggregateInfo values ( "EN.600.120", 2013, "Fall", 02, 0.87, 4.26, 0.86, 4.00, "Workload" );
insert into AggregateInfo values ( "EN.600.120", 2012, "Spring", 02, 0.89, 4.42, 0.72, 5.00, "Workload" );
insert into AggregateInfo values ( "EN.600.120", 2011, "Fall", 03, 1.00, 4.30, 0.67, 4.00, "Workload" );
insert into AggregateInfo values ( "EN.600.120", 2011, "Fall", 04, 1.00, 4.18, 0.87, 4.00, "Workload" );
insert into AggregateInfo values ( "EN.600.315", 2012, "Fall", 01, 0.90, 2.58, 1.12, 2.00, "Workload" );
insert into AggregateInfo values ( "EN.600.315", 2015, "Fall", 01, 0.85, 2.73, 1.13, 3.00, "Workload" );
insert into AggregateInfo values ( "EN.600.315", 2016, "Fall", 01, 0.93, 2.72, 1.28, 3.00, "Workload" );
insert into AggregateInfo values ( "EN.600.321", 2011, "Fall", 01, 0.92, 3.27, 1.27, 4.00, "Workload" );
insert into AggregateInfo values ( "EN.600.321", 2012, "Fall", 01, 0.97, 3.76, 0.91, 4.00, "Workload" );
insert into AggregateInfo values ( "EN.600.321", 2013, "Fall", 01, 0.81, 3.59, 0.94, 4.00, "Workload" );
insert into AggregateInfo values ( "EN.600.321", 2014, "Fall", 01, 0.89, 4.06, 0.97, 4.00, "Workload" );
insert into AggregateInfo values ( "EN.600.415", 2011, "Fall", 01, 0.94, 3.64, 1.03, 4.00, "Workload" );
insert into AggregateInfo values ( "EN.600.415", 2013, "Fall", 01, 0.66, 3.21, 1.32, 3.00, "Workload" );
insert into AggregateInfo values ( "EN.600.415", 2014, "Fall", 01, 0.76, 3.21, 1.24, 3.00, "Workload" );
insert into AggregateInfo values ( "EN.600.415", 2015, "Fall", 01, 0.73, 2.56, 1.27, 2.50, "Workload" );
insert into AggregateInfo values ( "EN.600.415", 2016, "Fall", 01, 1.00, 3.74, 0.82, 4.00, "Workload" );
insert into AggregateInfo values ( "EN.600.421", 2011, "Fall", 01, 0.87, 3.88, 0.95, 4.00, "Workload" );
insert into AggregateInfo values ( "EN.600.421", 2012, "Fall", 01, 0.90, 3.89, 0.83, 4.00, "Workload" );
insert into AggregateInfo values ( "EN.600.421", 2013, "Fall", 01, 0.74, 4.00, 1.00, 4.00, "Workload" );
insert into AggregateInfo values ( "EN.600.421", 2014, "Fall", 01, 0.75, 4.51, 0.76, 5.00, "Workload" );
